Question,Answer
කණුවකට බැලූන් බෝල 2 ක් බැගින් බැලූන් බෝල 600 ක් ගැට ගැසීමට අවශ්‍ය කණු ගණන කීය ද?,300
කණුවකට බැලූන් බෝල 3 ක් බැගින් බැලූන් බෝල 600 ක් ගැට ගැසීමට අවශ්‍ය කණු ගණන කීය ද?,200
කණුවකට බැලූන් බෝල 4 ක් බැගින් බැලූන් බෝල 600 ක් ගැට ගැසීමට අවශ්‍ය කණු ගණන කීය ද?,150
කණුවකට බැලූන් බෝල 5 ක් බැගින් බැලූන් බෝල 600 ක් ගැට ගැසීමට අවශ්‍ය කණු ගණන කීය ද?,120
කණුවකට බැලූන් බෝල 6 ක් බැගින් බැලූන් බෝල 600 ක් ගැට ගැසීමට අවශ්‍ය කණු ගණන කීය ද?,100
කණුවකට බැලූන් බෝල 8 ක් බැගින් බැලූන් බෝල 600 ක් ගැට ගැසීමට අවශ්‍ය කණු ගණන කීය ද?,75
කණුවකට බැලූන් බෝල 10 ක් බැගින් බැලූන් බෝල 600 ක් ගැට ගැසීමට අවශ්‍ය කණු ගණන කීය ද?,60
කණුවකට බැලූන් බෝල 12 ක් බැගින් බැලූන් බෝල 600 ක් ගැට ගැසීමට අවශ්‍ය කණු ගණන කීය ද?,50
කණුවකට බැලූන් බෝල 15 ක් බැගින් බැලූන් බෝල 600 ක් ගැට ගැසීමට අවශ්‍ය කණු ගණන කීය ද?,40
කණුවකට බැලූන් බෝල 20 ක් බැගින් බැලූන් බෝල 600 ක් ගැට ගැසීමට අවශ්‍ය කණු ගණන කීය ද?,30
කණුවකට බැලූන් බෝල 25 ක් බැගින් බැලූන් බෝල 600 ක් ගැට ගැසීමට අවශ්‍ය කණු ගණන කීය ද?,24
කණුවකට බැලූන් බෝල 30 ක් බැගින් බැලූන් බෝල 600 ක් ගැට ගැසීමට අවශ්‍ය කණු ගණන කීය ද?,20
කණුවකට බැලූන් බෝල 40 ක් බැගින් බැලූන් බෝල 600 ක් ගැට ගැසීමට අවශ්‍ය කණු ගණන කීය ද?,15
කණුවකට බැලූන් බෝල 50 ක් බැගින් බැලූන් බෝල 600 ක් ගැට ගැසීමට අවශ්‍ය කණු ගණන කීය ද?,12
කණුවකට බැලූන් බෝල 60 ක් බැගින් බැලූන් බෝල 600 ක් ගැට ගැසීමට අවශ්‍ය කණු ගණන කීය ද?,10
කණුවකට බැලූන් බෝල 100 ක් බැගින් බැලූන් බෝල 600 ක් ගැට ගැසීමට අවශ්‍ය කණු ගණන කීය ද?,6
බිස්කට් 300 ක් ඇත ළමයෙකුට බිස්කට් 2 බැගින් ළමයි කී දෙනෙකුට ලබා දිය හැකි ද?,150
බිස්කට් 300 ක් ඇත ළමයෙකුට බිස්කට් 3 බැගින් ළමයි කී දෙනෙකුට ලබා දිය හැකි ද?,100
බිස්කට් 300 ක් ඇත ළමයෙකුට බිස්කට් 4 බැගින් ළමයි කී දෙනෙකුට ලබා දිය හැකි ද?,75
බිස්කට් 300 ක් ඇත ළමයෙකුට බිස්කට් 5 බැගින් ළමයි කී දෙනෙකුට ලබා දිය හැකි ද?,60
බිස්කට් 300 ක් ඇත ළමයෙකුට බිස්කට් 6 බැගින් ළමයි කී දෙනෙකුට ලබා දිය හැකි ද?,50
බිස්කට් 300 ක් ඇත ළමයෙකුට බිස්කට් 10 බැගින් ළමයි කී දෙනෙකුට ලබා දිය හැකි ද?,30
බිස්කට් 300 ක් ඇත ළමයෙකුට බිස්කට් 12 බැගින් ළමයි කී දෙනෙකුට ලබා දිය හැකි ද?,25
බිස්කට් 300 ක් ඇත ළමයෙකුට බිස්කට් 15 බැගින් ළමයි කී දෙනෙකුට ලබා දිය හැකි ද?,20
බිස්කට් 300 ක් ඇත ළමයෙකුට බිස්කට් 20 බැගින් ළමයි කී දෙනෙකුට ලබා දිය හැකි ද?,15
බිස්කට් 300 ක් ඇත ළමයෙකුට බිස්කට් 25 බැගින් ළමයි කී දෙනෙකුට ලබා දිය හැකි ද?,12
බිස්කට් 300 ක් ඇත ළමයෙකුට බිස්කට් 30 බැගින් ළමයි කී දෙනෙකුට ලබා දිය හැකි ද?,10
බිස්කට් 300 ක් ඇත ළමයෙකුට බිස්කට් 50 බැගින් ළමයි කී දෙනෙකුට ලබා දිය හැකි ද?,6
බිස්කට් 300 ක් ඇත ළමයෙකුට බිස්කට් 100 බැගින් ළමයි කී දෙනෙකුට ලබා දිය හැකි ද?,3
බිස්කට් 300 ක් ඇත ළමයෙකුට බිස්කට් 150 බැගින් ළමයි කී දෙනෙකුට ලබා දිය හැකි ද?,2
බිස්කට් 300 ක් ඇත ළමයෙකුට බිස්කට් 300 බැගින් ළමයි කී දෙනෙකුට ලබා දිය හැකි ද?,1
මීටර 90 ක් දිග කම්බියක් ඇත සමාන කැබලි 2 බැගින් කැබලි කොපමණ ප්‍රමාණයක් කැපිය හැකි ද?,45
මීටර 90 ක් දිග කම්බියක් ඇත සමාන කැබලි 3 බැගින් කැබලි කොපමණ ප්‍රමාණයක් කැපිය හැකි ද?,30
මීටර 90 ක් දිග කම්බියක් ඇත සමාන කැබලි 5 බැගින් කැබලි කොපමණ ප්‍රමාණයක් කැපිය හැකි ද?,18
මීටර 90 ක් දිග කම්බියක් ඇත සමාන කැබලි 6 බැගින් කැබලි කොපමණ ප්‍රමාණයක් කැපිය හැකි ද?,15
මීටර 90 ක් දිග කම්බියක් ඇත සමාන කැබලි 10 බැගින් කැබලි කොපමණ ප්‍රමාණයක් කැපිය හැකි ද?,9
මීටර 90 ක් දිග කම්බියක් ඇත සමාන කැබලි 15 බැගින් කැබලි කොපමණ ප්‍රමාණයක් කැපිය හැකි ද?,6
මීටර 90 ක් දිග කම්බියක් ඇත සමාන කැබලි 30 බැගින් කැබලි කොපමණ ප්‍රමාණයක් කැපිය හැකි ද?,3
මීටර 90 ක් දිග කම්බියක් ඇත සමාන කැබලි 45 බැගින් කැබලි කොපමණ ප්‍රමාණයක් කැපිය හැකි ද?,2
මීටර 90 ක් දිග කම්බියක් ඇත සමාන කැබලි 90 බැගින් කැබලි කොපමණ ප්‍රමාණයක් කැපිය හැකි ද?,1
මීටර 60 ක් දිග ඉටි රෙද්දක් ඇත මේසවලට දැමීම සදහා සමාන දිගින් යුතු කැබලි 2 බැගින් කැබලි කොපමණ ප්‍රමාණයක් කැපිය හැකි ද?,30
මීටර 60 ක් දිග ඉටි රෙද්දක් ඇත මේසවලට දැමීම සදහා සමාන දිගින් යුතු කැබලි 3 බැගින් කැබලි කොපමණ ප්‍රමාණයක් කැපිය හැකි ද?,20
මීටර 60 ක් දිග ඉටි රෙද්දක් ඇත මේසවලට දැමීම සදහා සමාන දිගින් යුතු කැබලි 4 බැගින් කැබලි කොපමණ ප්‍රමාණයක් කැපිය හැකි ද?,15
මීටර 60 ක් දිග ඉටි රෙද්දක් ඇත මේසවලට දැමීම සදහා සමාන දිගින් යුතු කැබලි 5 බැගින් කැබලි කොපමණ ප්‍රමාණයක් කැපිය හැකි ද?,12
මීටර 60 ක් දිග ඉටි රෙද්දක් ඇත මේසවලට දැමීම සදහා සමාන දිගින් යුතු කැබලි 6 බැගින් කැබලි කොපමණ ප්‍රමාණයක් කැපිය හැකි ද?,10
මීටර 60 ක් දිග ඉටි රෙද්දක් ඇත මේසවලට දැමීම සදහා සමාන දිගින් යුතු කැබලි 10 බැගින් කැබලි කොපමණ ප්‍රමාණයක් කැපිය හැකි ද?,6
මීටර 60 ක් දිග ඉටි රෙද්දක් ඇත මේසවලට දැමීම සදහා සමාන දිගින් යුතු කැබලි 12 බැගින් කැබලි කොපමණ ප්‍රමාණයක් කැපිය හැකි ද?,5
මීටර 60 ක් දිග ඉටි රෙද්දක් ඇත මේසවලට දැමීම සදහා සමාන දිගින් යුතු කැබලි 15 බැගින් කැබලි කොපමණ ප්‍රමාණයක් කැපිය හැකි ද?,4
මීටර 60 ක් දිග ඉටි රෙද්දක් ඇත මේසවලට දැමීම සදහා සමාන දිගින් යුතු කැබලි 20 බැගින් කැබලි කොපමණ ප්‍රමාණයක් කැපිය හැකි ද?,3
මීටර 60 ක් දිග ඉටි රෙද්දක් ඇත මේසවලට දැමීම සදහා සමාන දිගින් යුතු කැබලි 30 බැගින් කැබලි කොපමණ ප්‍රමාණයක් කැපිය හැකි ද?,2
පැන්සල් 420 ක් ඇත ළමයෙකුට පැන්සල් 2 බැගින් ළමයි කී දෙනෙකුට ලබා දිය හැකි ද?,210
පැන්සල් 420 ක් ඇත ළමයෙකුට පැන්සල් 3 බැගින් ළමයි කී දෙනෙකුට ලබා දිය හැකි ද?,140
පැන්සල් 420 ක් ඇත ළමයෙකුට පැන්සල් 4 බැගින් ළමයි කී දෙනෙකුට ලබා දිය හැකි ද?,105
පැන්සල් 420 ක් ඇත ළමයෙකුට පැන්සල් 5 බැගින් ළමයි කී දෙනෙකුට ලබා දිය හැකි ද?,84
පැන්සල් 420 ක් ඇත ළමයෙකුට පැන්සල් 6 බැගින් ළමයි කී දෙනෙකුට ලබා දිය හැකි ද?,70
පැන්සල් 420 ක් ඇත ළමයෙකුට පැන්සල් 7 බැගින් ළමයි කී දෙනෙකුට ලබා දිය හැකි ද?,60
පැන්සල් 420 ක් ඇත ළමයෙකුට පැන්සල් 10 බැගින් ළමයි කී දෙනෙකුට ලබා දිය හැකි ද?,42
පැන්සල් 420 ක් ඇත ළමයෙකුට පැන්සල් 14 බැගින් ළමයි කී දෙනෙකුට ලබා දිය හැකි ද?,30
පැන්සල් 420 ක් ඇත ළමයෙකුට පැන්සල් 15 බැගින් ළමයි කී දෙනෙකුට ලබා දිය හැකි ද?,28
පැන්සල් 420 ක් ඇත ළමයෙකුට පැන්සල් 20 බැගින් ළමයි කී දෙනෙකුට ලබා දිය හැකි ද?,21
පැන්සල් 420 ක් ඇත ළමයෙකුට පැන්සල් 21 බැගින් ළමයි කී දෙනෙකුට ලබා දිය හැකි ද?,20
පැන්සල් 420 ක් ඇත ළමයෙකුට පැන්සල් 28 බැගින් ළමයි කී දෙනෙකුට ලබා දිය හැකි ද?,15
පැන්සල් 420 ක් ඇත ළමයෙකුට පැන්සල් 30 බැගින් ළමයි කී දෙනෙකුට ලබා දිය හැකි ද?,14
පැන්සල් 420 ක් ඇත ළමයෙකුට පැන්සල් 42 බැගින් ළමයි කී දෙනෙකුට ලබා දිය හැකි ද?,10
පැන්සල් 420 ක් ඇත ළමයෙකුට පැන්සල් 60 බැගින් ළමයි කී දෙනෙකුට ලබා දිය හැකි ද?,7
පැන්සල් 420 ක් ඇත ළමයෙකුට පැන්සල් 70 බැගින් ළමයි කී දෙනෙකුට ලබා දිය හැකි ද?,6
පැන්සල් 420 ක් ඇත ළමයෙකුට පැන්සල් 84 බැගින් ළමයි කී දෙනෙකුට ලබා දිය හැකි ද?,5
පැන්සල් 420 ක් ඇත ළමයෙකුට පැන්සල් 105 බැගින් ළමයි කී දෙනෙකුට ලබා දිය හැකි ද?,4
පැන්සල් 420 ක් ඇත ළමයෙකුට පැන්සල් 140 බැගින් ළමයි කී දෙනෙකුට ලබා දිය හැකි ද?,3
පැන්සල් 420 ක් ඇත ළමයෙකුට පැන්සල් 210 බැගින් ළමයි කී දෙනෙකුට ලබා දිය හැකි ද?,2
යෝගට් 720 ක් ඇත යෝගට් 2 බැගින් වූ ඇසුරුම් කොපමණ සංඛ්‍යාවක් සෑදිය හැකි ද?,360
යෝගට් 720 ක් ඇත යෝගට් 3 බැගින් වූ ඇසුරුම් කොපමණ සංඛ්‍යාවක් සෑදිය හැකි ද?,240
යෝගට් 720 ක් ඇත යෝගට් 4 බැගින් වූ ඇසුරුම් කොපමණ සංඛ්‍යාවක් සෑදිය හැකි ද?,180
යෝගට් 720 ක් ඇත යෝගට් 5 බැගින් වූ ඇසුරුම් කොපමණ සංඛ්‍යාවක් සෑදිය හැකි ද?,144
යෝගට් 720 ක් ඇත යෝගට් 6 බැගින් වූ ඇසුරුම් කොපමණ සංඛ්‍යාවක් සෑදිය හැකි ද?,120
යෝගට් 720 ක් ඇත යෝගට් 8 බැගින් වූ ඇසුරුම් කොපමණ සංඛ්‍යාවක් සෑදිය හැකි ද?,90
යෝගට් 720 ක් ඇත යෝගට් 9 බැගින් වූ ඇසුරුම් කොපමණ සංඛ්‍යාවක් සෑදිය හැකි ද?,80
යෝගට් 720 ක් ඇත යෝගට් 10 බැගින් වූ ඇසුරුම් කොපමණ සංඛ්‍යාවක් සෑදිය හැකි ද?,72
යෝගට් 720 ක් ඇත යෝගට් 12 බැගින් වූ ඇසුරුම් කොපමණ සංඛ්‍යාවක් සෑදිය හැකි ද?,60
යෝගට් 720 ක් ඇත යෝගට් 15 බැගින් වූ ඇසුරුම් කොපමණ සංඛ්‍යාවක් සෑදිය හැකි ද?,48
යෝගට් 720 ක් ඇත යෝගට් 16 බැගින් වූ ඇසුරුම් කොපමණ සංඛ්‍යාවක් සෑදිය හැකි ද?,45
යෝගට් 720 ක් ඇත යෝගට් 18 බැගින් වූ ඇසුරුම් කොපමණ සංඛ්‍යාවක් සෑදිය හැකි ද?,40
යෝගට් 720 ක් ඇත යෝගට් 20 බැගින් වූ ඇසුරුම් කොපමණ සංඛ්‍යාවක් සෑදිය හැකි ද?,36
යෝගට් 720 ක් ඇත යෝගට් 24 බැගින් වූ ඇසුරුම් කොපමණ සංඛ්‍යාවක් සෑදිය හැකි ද?,30
යෝගට් 720 ක් ඇත යෝගට් 30 බැගින් වූ ඇසුරුම් කොපමණ සංඛ්‍යාවක් සෑදිය හැකි ද?,24
යෝගට් 720 ක් ඇත යෝගට් 36 බැගින් වූ ඇසුරුම් කොපමණ සංඛ්‍යාවක් සෑදිය හැකි ද?,20
යෝගට් 720 ක් ඇත යෝගට් 40 බැගින් වූ ඇසුරුම් කොපමණ සංඛ්‍යාවක් සෑදිය හැකි ද?,18
යෝගට් 720 ක් ඇත යෝගට් 45 බැගින් වූ ඇසුරුම් කොපමණ සංඛ්‍යාවක් සෑදිය හැකි ද?,16
යෝගට් 720 ක් ඇත යෝගට් 48 බැගින් වූ ඇසුරුම් කොපමණ සංඛ්‍යාවක් සෑදිය හැකි ද?,15
යෝගට් 720 ක් ඇත යෝගට් 60 බැගින් වූ ඇසුරුම් කොපමණ සංඛ්‍යාවක් සෑදිය හැකි ද?,12
යෝගට් 720 ක් ඇත යෝගට් 72 බැගින් වූ ඇසුරුම් කොපමණ සංඛ්‍යාවක් සෑදිය හැකි ද?,10
යෝගට් 720 ක් ඇත යෝගට් 80 බැගින් වූ ඇසුරුම් කොපමණ සංඛ්‍යාවක් සෑදිය හැකි ද?,9
යෝගට් 720 ක් ඇත යෝගට් 90 බැගින් වූ ඇසුරුම් කොපමණ සංඛ්‍යාවක් සෑදිය හැකි ද?,8
යෝගට් 720 ක් ඇත යෝගට් 120 බැගින් වූ ඇසුරුම් කොපමණ සංඛ්‍යාවක් සෑදිය හැකි ද?,6
යෝගට් 720 ක් ඇත යෝගට් 144 බැගින් වූ ඇසුරුම් කොපමණ සංඛ්‍යාවක් සෑදිය හැකි ද?,5
යෝගට් 720 ක් ඇත යෝගට් 180 බැගින් වූ ඇසුරුම් කොපමණ සංඛ්‍යාවක් සෑදිය හැකි ද?,4
යෝගට් 720 ක් ඇත යෝගට් 240 බැගින් වූ ඇසුරුම් කොපමණ සංඛ්‍යාවක් සෑදිය හැකි ද?,3
යෝගට් 720 ක් ඇත යෝගට් 360 බැගින් වූ ඇසුරුම් කොපමණ සංඛ්‍යාවක් සෑදිය හැකි ද?,2
කෙසෙල් ගෙඩි 840 ක් ඇත කෙසෙල් ගෙඩි 2 ක් බැගින් වෙන් කලහොත් එසේ වෙන් කළ හැකි කොටස් ගණන කීයද?,420
කෙසෙල් ගෙඩි 840 ක් ඇත කෙසෙල් ගෙඩි 3 ක් බැගින් වෙන් කලහොත් එසේ වෙන් කළ හැකි කොටස් ගණන කීයද?,280
කෙසෙල් ගෙඩි 840 ක් ඇත කෙසෙල් ගෙඩි 4 ක් බැගින් වෙන් කලහොත් එසේ වෙන් කළ හැකි කොටස් ගණන කීයද?,210
කෙසෙල් ගෙඩි 840 ක් ඇත කෙසෙල් ගෙඩි 5 ක් බැගින් වෙන් කලහොත් එසේ වෙන් කළ හැකි කොටස් ගණන කීයද?,168
කෙසෙල් ගෙඩි 840 ක් ඇත කෙසෙල් ගෙඩි 6 ක් බැගින් වෙන් කලහොත් එසේ වෙන් කළ හැකි කොටස් ගණන කීයද?,140
කෙසෙල් ගෙඩි 840 ක් ඇත කෙසෙල් ගෙඩි 7 ක් බැගින් වෙන් කලහොත් එසේ වෙන් කළ හැකි කොටස් ගණන කීයද?,120
කෙසෙල් ගෙඩි 840 ක් ඇත කෙසෙල් ගෙඩි 8 ක් බැගින් වෙන් කලහොත් එසේ වෙන් කළ හැකි කොටස් ගණන කීයද?,105
කෙසෙල් ගෙඩි 840 ක් ඇත කෙසෙල් ගෙඩි 10 ක් බැගින් වෙන් කලහොත් එසේ වෙන් කළ හැකි කොටස් ගණන කීයද?,84
කෙසෙල් ගෙඩි 840 ක් ඇත කෙසෙල් ගෙඩි 12 ක් බැගින් වෙන් කලහොත් එසේ වෙන් කළ හැකි කොටස් ගණන කීයද?,70
කෙසෙල් ගෙඩි 840 ක් ඇත කෙසෙල් ගෙඩි 14 ක් බැගින් වෙන් කලහොත් එසේ වෙන් කළ හැකි කොටස් ගණන කීයද?,60
කෙසෙල් ගෙඩි 840 ක් ඇත කෙසෙල් ගෙඩි 15 ක් බැගින් වෙන් කලහොත් එසේ වෙන් කළ හැකි කොටස් ගණන කීයද?,56
කෙසෙල් ගෙඩි 840 ක් ඇත කෙසෙල් ගෙඩි 21 ක් බැගින් වෙන් කලහොත් එසේ වෙන් කළ හැකි කොටස් ගණන කීයද?,40
කෙසෙල් ගෙඩි 840 ක් ඇත කෙසෙල් ගෙඩි 24 ක් බැගින් වෙන් කලහොත් එසේ වෙන් කළ හැකි කොටස් ගණන කීයද?,35
කෙසෙල් ගෙඩි 840 ක් ඇත කෙසෙල් ගෙඩි 28 ක් බැගින් වෙන් කලහොත් එසේ වෙන් කළ හැකි කොටස් ගණන කීයද?,30
කෙසෙල් ගෙඩි 840 ක් ඇත කෙසෙල් ගෙඩි 30 ක් බැගින් වෙන් කලහොත් එසේ වෙන් කළ හැකි කොටස් ගණන කීයද?,28
කෙසෙල් ගෙඩි 840 ක් ඇත කෙසෙල් ගෙඩි 35 ක් බැගින් වෙන් කලහොත් එසේ වෙන් කළ හැකි කොටස් ගණන කීයද?,24
කෙසෙල් ගෙඩි 840 ක් ඇත කෙසෙල් ගෙඩි 40 ක් බැගින් වෙන් කලහොත් එසේ වෙන් කළ හැකි කොටස් ගණන කීයද?,21
කෙසෙල් ගෙඩි 840 ක් ඇත කෙසෙල් ගෙඩි 56 ක් බැගින් වෙන් කලහොත් එසේ වෙන් කළ හැකි කොටස් ගණන කීයද?,15
කෙසෙල් ගෙඩි 840 ක් ඇත කෙසෙල් ගෙඩි 60 ක් බැගින් වෙන් කලහොත් එසේ වෙන් කළ හැකි කොටස් ගණන කීයද?,14
කෙසෙල් ගෙඩි 840 ක් ඇත කෙසෙල් ගෙඩි 70 ක් බැගින් වෙන් කලහොත් එසේ වෙන් කළ හැකි කොටස් ගණන කීයද?,12
කෙසෙල් ගෙඩි 840 ක් ඇත කෙසෙල් ගෙඩි 84 ක් බැගින් වෙන් කලහොත් එසේ වෙන් කළ හැකි කොටස් ගණන කීයද?,10
කෙසෙල් ගෙඩි 840 ක් ඇත කෙසෙල් ගෙඩි 105 ක් බැගින් වෙන් කලහොත් එසේ වෙන් කළ හැකි කොටස් ගණන කීයද?,8
කෙසෙල් ගෙඩි 840 ක් ඇත කෙසෙල් ගෙඩි 120 ක් බැගින් වෙන් කලහොත් එසේ වෙන් කළ හැකි කොටස් ගණන කීයද?,7
කෙසෙල් ගෙඩි 840 ක් ඇත කෙසෙල් ගෙඩි 140 ක් බැගින් වෙන් කලහොත් එසේ වෙන් කළ හැකි කොටස් ගණන කීයද?,6
කෙසෙල් ගෙඩි 840 ක් ඇත කෙසෙල් ගෙඩි 168 ක් බැගින් වෙන් කලහොත් එසේ වෙන් කළ හැකි කොටස් ගණන කීයද?,5
කෙසෙල් ගෙඩි 840 ක් ඇත කෙසෙල් ගෙඩි 210 ක් බැගින් වෙන් කලහොත් එසේ වෙන් කළ හැකි කොටස් ගණන කීයද?,4
කෙසෙල් ගෙඩි 840 ක් ඇත කෙසෙල් ගෙඩි 280 ක් බැගින් වෙන් කලහොත් එසේ වෙන් කළ හැකි කොටස් ගණන කීයද?,3
කෙසෙල් ගෙඩි 840 ක් ඇත කෙසෙල් ගෙඩි 420 ක් බැගින් වෙන් කලහොත් එසේ වෙන් කළ හැකි කොටස් ගණන කීයද?,2
පොත් 900 ක් ඇත අයකුට 2 බැගින් කී දෙනෙකුට ලබා දිය හැකි ද?,450
පොත් 900 ක් ඇත අයකුට 3 බැගින් කී දෙනෙකුට ලබා දිය හැකි ද?,300
පොත් 900 ක් ඇත අයකුට 4 බැගින් කී දෙනෙකුට ලබා දිය හැකි ද?,225
පොත් 900 ක් ඇත අයකුට 5 බැගින් කී දෙනෙකුට ලබා දිය හැකි ද?,180
පොත් 900 ක් ඇත අයකුට 6 බැගින් කී දෙනෙකුට ලබා දිය හැකි ද?,150
පොත් 900 ක් ඇත අයකුට 9 බැගින් කී දෙනෙකුට ලබා දිය හැකි ද?,100
පොත් 900 ක් ඇත අයකුට 10 බැගින් කී දෙනෙකුට ලබා දිය හැකි ද?,90
පොත් 900 ක් ඇත අයකුට 12 බැගින් කී දෙනෙකුට ලබා දිය හැකි ද?,75
පොත් 900 ක් ඇත අයකුට 15 බැගින් කී දෙනෙකුට ලබා දිය හැකි ද?,60
පොත් 900 ක් ඇත අයකුට 18 බැගින් කී දෙනෙකුට ලබා දිය හැකි ද?,50
පොත් 900 ක් ඇත අයකුට 20 බැගින් කී දෙනෙකුට ලබා දිය හැකි ද?,45
පොත් 900 ක් ඇත අයකුට 25 බැගින් කී දෙනෙකුට ලබා දිය හැකි ද?,36
පොත් 900 ක් ඇත අයකුට 30 බැගින් කී දෙනෙකුට ලබා දිය හැකි ද?,30
පොත් 900 ක් ඇත අයකුට 36 බැගින් කී දෙනෙකුට ලබා දිය හැකි ද?,25
පොත් 900 ක් ඇත අයකුට 45 බැගින් කී දෙනෙකුට ලබා දිය හැකි ද?,20
පොත් 900 ක් ඇත අයකුට 50 බැගින් කී දෙනෙකුට ලබා දිය හැකි ද?,18
පොත් 900 ක් ඇත අයකුට 60 බැගින් කී දෙනෙකුට ලබා දිය හැකි ද?,15
පොත් 900 ක් ඇත අයකුට 75 බැගින් කී දෙනෙකුට ලබා දිය හැකි ද?,12
පොත් 900 ක් ඇත අයකුට 90 බැගින් කී දෙනෙකුට ලබා දිය හැකි ද?,10
පොත් 900 ක් ඇත අයකුට 100 බැගින් කී දෙනෙකුට ලබා දිය හැකි ද?,9
පොත් 900 ක් ඇත අයකුට 150 බැගින් කී දෙනෙකුට ලබා දිය හැකි ද?,6
පොත් 900 ක් ඇත අයකුට 180 බැගින් කී දෙනෙකුට ලබා දිය හැකි ද?,5
පොත් 900 ක් ඇත අයකුට 225 බැගින් කී දෙනෙකුට ලබා දිය හැකි ද?,4
පොත් 900 ක් ඇත අයකුට 300 බැගින් කී දෙනෙකුට ලබා දිය හැකි ද?,3
පොත් 900 ක් ඇත අයකුට 450 බැගින් කී දෙනෙකුට ලබා දිය හැකි ද?,2
බෝල 450  ක් ඇත බෝල 2 ක් බැගින් වෙන් කල හැකි කොටස් ගණන කීයද?,225
බෝල 450  ක් ඇත බෝල 3 ක් බැගින් වෙන් කල හැකි කොටස් ගණන කීයද?,150
බෝල 450  ක් ඇත බෝල 5 ක් බැගින් වෙන් කල හැකි කොටස් ගණන කීයද?,90
බෝල 450  ක් ඇත  බෝල 6 ක් බැගින් වෙන් කල හැකි කොටස් ගණන කීයද?,75
බෝල 450  ක් ඇත බෝල 9 ක් බැගින් වෙන් කල හැකි කොටස් ගණන කීයද?,50
බෝල 450  ක් ඇත බෝල 10 ක් බැගින් වෙන් කල හැකි කොටස් ගණන කීයද?,45
බෝල 450  ක් ඇත බෝල 15 ක් බැගින් වෙන් කල හැකි කොටස් ගණන කීයද?,30
බෝල 450  ක් ඇත බෝල 18 ක් බැගින් වෙන් කල හැකි කොටස් ගණන කීයද?,25
බෝල 450  ක් ඇත බෝල 25 ක් බැගින් වෙන් කල හැකි කොටස් ගණන කීයද?,18
බෝල 450  ක් ඇත බෝල 35 ක් බැගින් වෙන් කල හැකි කොටස් ගණන කීයද?,15
බෝල 450  ක් ඇත බෝල 40 ක් බැගින් වෙන් කල හැකි කොටස් ගණන කීයද?,10
බෝල 450  ක් ඇත බෝල 50 ක් බැගින් වෙන් කල හැකි කොටස් ගණන කීයද?,9
බෝල 450  ක් ඇත බෝල 75 ක් බැගින් වෙන් කල හැකි කොටස් ගණන කීයද?,6
බෝල 450  ක් ඇත බෝල 90 ක් බැගින් වෙන් කල හැකි කොටස් ගණන කීයද?,5
බෝල 450  ක් ඇත බෝල 150 ක් බැගින් වෙන් කල හැකි කොටස් ගණන කීයද?,3
බෝල 450  ක් ඇත බෝල 225 ක් බැගින් වෙන් කල හැකි කොටස් ගණන කීයද?,2
අඹ ගෙඩි 1200 ක් ඇත අඹ ගෙඩි 2 බැගින් පෙට්ටි වලට වෙන් කලහොත් එසේ වෙන් කළ හැකි පෙට්ටි ගණන කීයද?,600
අඹ ගෙඩි 1200 ක් ඇත අඹ ගෙඩි 3 බැගින් පෙට්ටි වලට වෙන් කලහොත් එසේ වෙන් කළ හැකි පෙට්ටි ගණන කීයද?,400
අඹ ගෙඩි 1200 ක් ඇත අඹ ගෙඩි 4 බැගින් පෙට්ටි වලට වෙන් කලහොත් එසේ වෙන් කළ හැකි පෙට්ටි ගණන කීයද?,300
අඹ ගෙඩි 1200 ක් ඇත අඹ ගෙඩි 5 බැගින් පෙට්ටි වලට වෙන් කලහොත් එසේ වෙන් කළ හැකි පෙට්ටි ගණන කීයද?,240
අඹ ගෙඩි 1200 ක් ඇත අඹ ගෙඩි 6 බැගින් පෙට්ටි වලට වෙන් කලහොත් එසේ වෙන් කළ හැකි පෙට්ටි ගණන කීයද?,200
අඹ ගෙඩි 1200 ක් ඇත අඹ ගෙඩි 8 බැගින් පෙට්ටි වලට වෙන් කලහොත් එසේ වෙන් කළ හැකි පෙට්ටි ගණන කීයද?,150
අඹ ගෙඩි 1200 ක් ඇත අඹ ගෙඩි 10 බැගින් පෙට්ටි වලට වෙන් කලහොත් එසේ වෙන් කළ හැකි පෙට්ටි ගණන කීයද?,120
අඹ ගෙඩි 1200 ක් ඇත අඹ ගෙඩි 12 බැගින් පෙට්ටි වලට වෙන් කලහොත් එසේ වෙන් කළ හැකි පෙට්ටි ගණන කීයද?,100
අඹ ගෙඩි 1200 ක් ඇත අඹ ගෙඩි 15 බැගින් පෙට්ටි වලට වෙන් කලහොත් එසේ වෙන් කළ හැකි පෙට්ටි ගණන කීයද?,80
අඹ ගෙඩි 1200 ක් ඇත අඹ ගෙඩි 16 බැගින් පෙට්ටි වලට වෙන් කලහොත් එසේ වෙන් කළ හැකි පෙට්ටි ගණන කීයද?,75
අඹ ගෙඩි 1200 ක් ඇත අඹ ගෙඩි 20 බැගින් පෙට්ටි වලට වෙන් කලහොත් එසේ වෙන් කළ හැකි පෙට්ටි ගණන කීයද?,60
අඹ ගෙඩි 1200 ක් ඇත අඹ ගෙඩි 24 බැගින් පෙට්ටි වලට වෙන් කලහොත් එසේ වෙන් කළ හැකි පෙට්ටි ගණන කීයද?,50
අඹ ගෙඩි 1200 ක් ඇත අඹ ගෙඩි 25 බැගින් පෙට්ටි වලට වෙන් කලහොත් එසේ වෙන් කළ හැකි පෙට්ටි ගණන කීයද?,48
අඹ ගෙඩි 1200 ක් ඇත අඹ ගෙඩි 30 බැගින් පෙට්ටි වලට වෙන් කලහොත් එසේ වෙන් කළ හැකි පෙට්ටි ගණන කීයද?,40
අඹ ගෙඩි 1200 ක් ඇත අඹ ගෙඩි 40 බැගින් පෙට්ටි වලට වෙන් කලහොත් එසේ වෙන් කළ හැකි පෙට්ටි ගණන කීයද?,30
අඹ ගෙඩි 1200 ක් ඇත අඹ ගෙඩි 48 බැගින් පෙට්ටි වලට වෙන් කලහොත් එසේ වෙන් කළ හැකි පෙට්ටි ගණන කීයද?,25
අඹ ගෙඩි 1200 ක් ඇත අඹ ගෙඩි 50 බැගින් පෙට්ටි වලට වෙන් කලහොත් එසේ වෙන් කළ හැකි පෙට්ටි ගණන කීයද?,24
අඹ ගෙඩි 1200 ක් ඇත අඹ ගෙඩි 60 බැගින් පෙට්ටි වලට වෙන් කලහොත් එසේ වෙන් කළ හැකි පෙට්ටි ගණන කීයද?,20
අඹ ගෙඩි 1200 ක් ඇත අඹ ගෙඩි 75 බැගින් පෙට්ටි වලට වෙන් කලහොත් එසේ වෙන් කළ හැකි පෙට්ටි ගණන කීයද?,16
අඹ ගෙඩි 1200 ක් ඇත අඹ ගෙඩි 80 බැගින් පෙට්ටි වලට වෙන් කලහොත් එසේ වෙන් කළ හැකි පෙට්ටි ගණන කීයද?,15
අඹ ගෙඩි 1200 ක් ඇත අඹ ගෙඩි 100 බැගින් පෙට්ටි වලට වෙන් කලහොත් එසේ වෙන් කළ හැකි පෙට්ටි ගණන කීයද?,12
අඹ ගෙඩි 1200 ක් ඇත අඹ ගෙඩි 120 බැගින් පෙට්ටි වලට වෙන් කලහොත් එසේ වෙන් කළ හැකි පෙට්ටි ගණන කීයද?,10
අඹ ගෙඩි 1200 ක් ඇත අඹ ගෙඩි 150 බැගින් පෙට්ටි වලට වෙන් කලහොත් එසේ වෙන් කළ හැකි පෙට්ටි ගණන කීයද?,8
අඹ ගෙඩි 1200 ක් ඇත අඹ ගෙඩි 200 බැගින් පෙට්ටි වලට වෙන් කලහොත් එසේ වෙන් කළ හැකි පෙට්ටි ගණන කීයද?,6
අඹ ගෙඩි 1200 ක් ඇත අඹ ගෙඩි 240 බැගින් පෙට්ටි වලට වෙන් කලහොත් එසේ වෙන් කළ හැකි පෙට්ටි ගණන කීයද?,5
අඹ ගෙඩි 1200 ක් ඇත අඹ ගෙඩි 300 බැගින් පෙට්ටි වලට වෙන් කලහොත් එසේ වෙන් කළ හැකි පෙට්ටි ගණන කීයද?,4
අඹ ගෙඩි 1200 ක් ඇත අඹ ගෙඩි 400 බැගින් පෙට්ටි වලට වෙන් කලහොත් එසේ වෙන් කළ හැකි පෙට්ටි ගණන කීයද?,3
අඹ ගෙඩි 1200 ක් ඇත අඹ ගෙඩි 600 බැගින් පෙට්ටි වලට වෙන් කලහොත් එසේ වෙන් කළ හැකි පෙට්ටි ගණන කීයද?,2
උත්සව ශාලාවක ඇති පුටු 100 ක් ඇත මේසයකට පුටු 2 බැගින් මේස කීයක් තැබිය හැකි ද?,50
උත්සව ශාලාවක ඇති පුටු 100 ක් ඇත මේසයකට පුටු 4 බැගින් මේස කීයක් තැබිය හැකි ද?,25
උත්සව ශාලාවක ඇති පුටු 100 ක් ඇත මේසයකට පුටු 5 බැගින් මේස කීයක් තැබිය හැකි ද?,20
උත්සව ශාලාවක ඇති පුටු 100 ක් ඇත මේසයකට පුටු 10 බැගින් මේස කීයක් තැබිය හැකි ද?,10
උත්සව ශාලාවක ඇති පුටු 100 ක් ඇත මේසයකට පුටු 20 බැගින් මේස කීයක් තැබිය හැකි ද?,5
උත්සව ශාලාවක ඇති පුටු 100 ක් ඇත මේසයකට පුටු 25 බැගින් මේස කීයක් තැබිය හැකි ද?,4
උත්සව ශාලාවක ඇති පුටු 100 ක් ඇත මේසයකට පුටු 50 බැගින් මේස කීයක් තැබිය හැකි ද?,2
කූඩයක නාරං ගෙඩි 2 ක් ඇත එවැනි කූඩ 2 ඇති මුළු නාරං ගෙඩි ගණන කීය ද?,4
කූඩයක නාරං ගෙඩි 2 ක් ඇත එවැනි කූඩ 3 ඇති මුළු නාරං ගෙඩි ගණන කීය ද?,6
කූඩයක නාරං ගෙඩි 2 ක් ඇත එවැනි කූඩ 4 ඇති මුළු නාරං ගෙඩි ගණන කීය ද?,8
කූඩයක නාරං ගෙඩි 2 ක් ඇත එවැනි කූඩ 5 ඇති මුළු නාරං ගෙඩි ගණන කීය ද?,10
කූඩයක නාරං ගෙඩි 2 ක් ඇත එවැනි කූඩ 6 ඇති මුළු නාරං ගෙඩි ගණන කීය ද?,12
කූඩයක නාරං ගෙඩි 2 ක් ඇත එවැනි කූඩ 7 ඇති මුළු නාරං ගෙඩි ගණන කීය ද?,14
කූඩයක නාරං ගෙඩි 2 ක් ඇත එවැනි කූඩ 8 ඇති මුළු නාරං ගෙඩි ගණන කීය ද?,16
කූඩයක නාරං ගෙඩි 2 ක් ඇත එවැනි කූඩ 9 ඇති මුළු නාරං ගෙඩි ගණන කීය ද?,18
කූඩයක නාරං ගෙඩි 2 ක් ඇත එවැනි කූඩ 10 ඇති මුළු නාරං ගෙඩි ගණන කීය ද?,20
කූඩයක නාරං ගෙඩි 2 ක් ඇත එවැනි කූඩ 11 ඇති මුළු නාරං ගෙඩි ගණන කීය ද?,22
කූඩයක නාරං ගෙඩි 2 ක් ඇත එවැනි කූඩ 12 ඇති මුළු නාරං ගෙඩි ගණන කීය ද?,24
කූඩයක නාරං ගෙඩි 2 ක් ඇත එවැනි කූඩ 13 ඇති මුළු නාරං ගෙඩි ගණන කීය ද?,26
කූඩයක නාරං ගෙඩි 2 ක් ඇත එවැනි කූඩ 14 ඇති මුළු නාරං ගෙඩි ගණන කීය ද?,28
කූඩයක නාරං ගෙඩි 2 ක් ඇත එවැනි කූඩ 15 ඇති මුළු නාරං ගෙඩි ගණන කීය ද?,30
කූඩයක නාරං ගෙඩි 2 ක් ඇත එවැනි කූඩ 16 ඇති මුළු නාරං ගෙඩි ගණන කීය ද?,32
කූඩයක නාරං ගෙඩි 2 ක් ඇත එවැනි කූඩ 17 ඇති මුළු නාරං ගෙඩි ගණන කීය ද?,34
කූඩයක නාරං ගෙඩි 2 ක් ඇත එවැනි කූඩ 18 ඇති මුළු නාරං ගෙඩි ගණන කීය ද?,36
කූඩයක නාරං ගෙඩි 2 ක් ඇත එවැනි කූඩ 19 ඇති මුළු නාරං ගෙඩි ගණන කීය ද?,38
කූඩයක නාරං ගෙඩි 2 ක් ඇත එවැනි කූඩ 20 ඇති මුළු නාරං ගෙඩි ගණන කීය ද?,40
කූඩයක නාරං ගෙඩි 2 ක් ඇත එවැනි කූඩ 21 ඇති මුළු නාරං ගෙඩි ගණන කීය ද?,42
කූඩයක නාරං ගෙඩි 2 ක් ඇත එවැනි කූඩ 22 ඇති මුළු නාරං ගෙඩි ගණන කීය ද?,44
කූඩයක නාරං ගෙඩි 2 ක් ඇත එවැනි කූඩ 23 ඇති මුළු නාරං ගෙඩි ගණන කීය ද?,46
කූඩයක නාරං ගෙඩි 2 ක් ඇත එවැනි කූඩ 24 ඇති මුළු නාරං ගෙඩි ගණන කීය ද?,48
කූඩයක නාරං ගෙඩි 2 ක් ඇත එවැනි කූඩ 25 ඇති මුළු නාරං ගෙඩි ගණන කීය ද?,50
කූඩයක නාරං ගෙඩි 2 ක් ඇත එවැනි කූඩ 26 ඇති මුළු නාරං ගෙඩි ගණන කීය ද?,52
කූඩයක නාරං ගෙඩි 2 ක් ඇත එවැනි කූඩ 27 ඇති මුළු නාරං ගෙඩි ගණන කීය ද?,54
කූඩයක නාරං ගෙඩි 2 ක් ඇත එවැනි කූඩ 28 ඇති මුළු නාරං ගෙඩි ගණන කීය ද?,56
කූඩයක නාරං ගෙඩි 2 ක් ඇත එවැනි කූඩ 29 ඇති මුළු නාරං ගෙඩි ගණන කීය ද?,58
කූඩයක නාරං ගෙඩි 2 ක් ඇත එවැනි කූඩ 30 ඇති මුළු නාරං ගෙඩි ගණන කීය ද?,60
පෙට්ටියක පැන්සල් 4 ක් තිබේ එවැනි පෙට්ටි 2 ඇති මුළු පැන්සල් ගණන කොපමණ ද?,8
පෙට්ටියක පැන්සල් 4 ක් තිබේ එවැනි පෙට්ටි 4 ඇති මුළු පැන්සල් ගණන කොපමණ ද?,16
පෙට්ටියක පැන්සල් 4 ක් තිබේ එවැනි පෙට්ටි 6 ඇති මුළු පැන්සල් ගණන කොපමණ ද?,24
පෙට්ටියක පැන්සල් 4 ක් තිබේ එවැනි පෙට්ටි 8 ඇති මුළු පැන්සල් ගණන කොපමණ ද?,32
පෙට්ටියක පැන්සල් 4 ක් තිබේ එවැනි පෙට්ටි 10 ඇති මුළු පැන්සල් ගණන කොපමණ ද?,40
පෙට්ටියක පැන්සල් 4 ක් තිබේ එවැනි පෙට්ටි 12 ඇති මුළු පැන්සල් ගණන කොපමණ ද?,48
පෙට්ටියක පැන්සල් 4 ක් තිබේ එවැනි පෙට්ටි 14 ඇති මුළු පැන්සල් ගණන කොපමණ ද?,56
පෙට්ටියක පැන්සල් 4 ක් තිබේ එවැනි පෙට්ටි 16 ඇති මුළු පැන්සල් ගණන කොපමණ ද?,64
පෙට්ටියක පැන්සල් 4 ක් තිබේ එවැනි පෙට්ටි 18 ඇති මුළු පැන්සල් ගණන කොපමණ ද?,72
පෙට්ටියක පැන්සල් 4 ක් තිබේ එවැනි පෙට්ටි 20 ඇති මුළු පැන්සල් ගණන කොපමණ ද?,80
පෙට්ටියක පැන්සල් 4 ක් තිබේ එවැනි පෙට්ටි 22 ඇති මුළු පැන්සල් ගණන කොපමණ ද?,88
පෙට්ටියක පැන්සල් 4 ක් තිබේ එවැනි පෙට්ටි 24 ඇති මුළු පැන්සල් ගණන කොපමණ ද?,96
පෙට්ටියක පැන්සල් 4 ක් තිබේ එවැනි පෙට්ටි 26 ඇති මුළු පැන්සල් ගණන කොපමණ ද?,104
පෙට්ටියක පැන්සල් 4 ක් තිබේ එවැනි පෙට්ටි 28 ඇති මුළු පැන්සල් ගණන කොපමණ ද?,112
  පෙට්ටියක පැන්සල් 4 ක් තිබේ එවැනි පෙට්ටි 30 ඇති මුළු පැන්සල් ගණන කොපමණ ද?,120
  පෙට්ටියක පැන්සල් 4 ක් තිබේ එවැනි පෙට්ටි 32 ඇති මුළු පැන්සල් ගණන කොපමණ ද?,128
  පෙට්ටියක පැන්සල් 4 ක් තිබේ එවැනි පෙට්ටි 34 ඇති මුළු පැන්සල් ගණන කොපමණ ද?,136
  පෙට්ටියක පැන්සල් 4 ක් තිබේ එවැනි පෙට්ටි 36 ඇති මුළු පැන්සල් ගණන කොපමණ ද?,144
  පෙට්ටියක පැන්සල් 4 ක් තිබේ එවැනි පෙට්ටි 38 ඇති මුළු පැන්සල් ගණන කොපමණ ද?,152
  පෙට්ටියක පැන්සල් 4 ක් තිබේ එවැනි පෙට්ටි 40 ඇති මුළු පැන්සල් ගණන කොපමණ ද?,160
පෑනක මිල රුපියල් 12 කි එවැනි පෑන් 3 ක මිල කොපමණ ද?,36
පෑනක මිල රුපියල් 12 කි එවැනි පෑන් 5 ක මිල කොපමණ ද?,60
පෑනක මිල රුපියල් 12 කි එවැනි පෑන් 7 ක මිල කොපමණ ද?,84
පෑනක මිල රුපියල් 12 කි එවැනි පෑන් 9 ක මිල කොපමණ ද?,108
පෑනක මිල රුපියල් 12 කි එවැනි පෑන් 11 ක මිල කොපමණ ද?,132
පෑනක මිල රුපියල් 12 කි එවැනි පෑන් 13 ක මිල කොපමණ ද?,156
පෑනක මිල රුපියල් 12 කි එවැනි පෑන් 15 ක මිල කොපමණ ද?,180
පෑනක මිල රුපියල් 12 කි එවැනි පෑන් 17 ක මිල කොපමණ ද?,204
පෑනක මිල රුපියල් 12 කි එවැනි පෑන් 19 ක මිල කොපමණ ද?,228
පෑනක මිල රුපියල් 12 කි එවැනි පෑන් 21 ක මිල කොපමණ ද?,252
පෑනක මිල රුපියල් 12 කි එවැනි පෑන් 23 ක මිල කොපමණ ද?,276
පෑනක මිල රුපියල් 12 කි එවැනි පෑන් 25 ක මිල කොපමණ ද?,300
පෑනක මිල රුපියල් 12 කි එවැනි පෑන් 27 ක මිල කොපමණ ද?,324
පෑනක මිල රුපියල් 12 කි එවැනි පෑන් 29 ක මිල කොපමණ ද?,348
පෑනක මිල රුපියල් 12 කි එවැනි පෑන් 31 ක මිල කොපමණ ද?,372
පෑනක මිල රුපියල් 12 කි එවැනි පෑන් 33 ක මිල කොපමණ ද?,396
පෑනක මිල රුපියල් 12 කි එවැනි පෑන් 35 ක මිල කොපමණ ද?,420
පෑනක මිල රුපියල් 12 කි එවැනි පෑන් 37 ක මිල කොපමණ ද?,444
පෑනක මිල රුපියල් 12 කි එවැනි පෑන් 39 ක මිල කොපමණ ද?,468
මකනයක  මිල රුපියල් 20 කි පොතක මිල මකනයක මිල මෙන් 2 ගුණයක්  පොතක මිල කොපමණ ද?,40
මකනයක  මිල රුපියල් 20 කි පොතක මිල මකනයක මිල මෙන් 3 ගුණයක්  පොතක මිල කොපමණ ද?,60
මකනයක  මිල රුපියල් 20 කි පොතක මිල මකනයක මිල මෙන් 4 ගුණයක්  පොතක මිල කොපමණ ද?,80
මකනයක  මිල රුපියල් 20 කි පොතක මිල මකනයක මිල මෙන් 5 ගුණයක්  පොතක මිල කොපමණ ද?,100
මකනයක  මිල රුපියල් 20 කි පොතක මිල මකනයක මිල මෙන් 6 ගුණයක්  පොතක මිල කොපමණ ද?,120
මකනයක  මිල රුපියල් 20 කි පොතක මිල මකනයක මිල මෙන් 7 ගුණයක්  පොතක මිල කොපමණ ද?,140
මකනයක  මිල රුපියල් 20 කි පොතක මිල මකනයක මිල මෙන් 8 ගුණයක්  පොතක මිල කොපමණ ද?,160
මකනයක  මිල රුපියල් 20 කි පොතක මිල මකනයක මිල මෙන් 9 ගුණයක්  පොතක මිල කොපමණ ද?,180
මකනයක  මිල රුපියල් 20 කි පොතක මිල මකනයක මිල මෙන් 10 ගුණයක්  පොතක මිල කොපමණ ද?,200
මකනයක  මිල රුපියල් 20 කි පොතක මිල මකනයක මිල මෙන් 11 ගුණයක්  පොතක මිල කොපමණ ද?,220
මකනයක  මිල රුපියල් 20 කි පොතක මිල මකනයක මිල මෙන් 12 ගුණයක්  පොතක මිල කොපමණ ද?,240
මකනයක  මිල රුපියල් 20 කි පොතක මිල මකනයක මිල මෙන් 13 ගුණයක්  පොතක මිල කොපමණ ද?,260
මකනයක  මිල රුපියල් 20 කි පොතක මිල මකනයක මිල මෙන් 14 ගුණයක්  පොතක මිල කොපමණ ද?,280
මකනයක  මිල රුපියල් 20 කි පොතක මිල මකනයක මිල මෙන් 15 ගුණයක්  පොතක මිල කොපමණ ද?,300
මකනයක  මිල රුපියල් 20 කි පොතක මිල මකනයක මිල මෙන් 16 ගුණයක්  පොතක මිල කොපමණ ද?,320
මකනයක  මිල රුපියල් 20 කි පොතක මිල මකනයක මිල මෙන් 17 ගුණයක්  පොතක මිල කොපමණ ද?,340
මකනයක  මිල රුපියල් 20 කි පොතක මිල මකනයක මිල මෙන් 18 ගුණයක්  පොතක මිල කොපමණ ද?,360
මකනයක  මිල රුපියල් 20 කි පොතක මිල මකනයක මිල මෙන් 19 ගුණයක්  පොතක මිල කොපමණ ද?,380
මකනයක  මිල රුපියල් 20 කි පොතක මිල මකනයක මිල මෙන් 20 ගුණයක්  පොතක මිල කොපමණ ද?,400
සුමුදුගේ දැන් වයස අවුරුදු 9 කි ඇගේ අක්කාගේ දැන් වයස සුමුදුගේ දැන් වයස මෙන් 2 ගුණයක්  අක්කාගේ දැන් වයස කීය ද?,18
සුමුදුගේ දැන් වයස අවුරුදු 9 කි ඇගේ අක්කාගේ දැන් වයස සුමුදුගේ දැන් වයස මෙන් 3 ගුණයක්  අක්කාගේ දැන් වයස කීය ද?,27
සුමුදුගේ දැන් වයස අවුරුදු 9 කි ඇගේ අක්කාගේ දැන් වයස සුමුදුගේ දැන් වයස මෙන් 4 ගුණයක්  අක්කාගේ දැන් වයස කීය ද?,36
සුමුදුගේ දැන් වයස අවුරුදු 9 කි ඇගේ අක්කාගේ දැන් වයස සුමුදුගේ දැන් වයස මෙන් 5 ගුණයක්  අක්කාගේ දැන් වයස කීය ද?,45
සුමුදුගේ දැන් වයස අවුරුදු 9 කි ඇගේ අක්කාගේ දැන් වයස සුමුදුගේ දැන් වයස මෙන් 6 ගුණයක්  අක්කාගේ දැන් වයස කීය ද?,54
සුමුදුගේ දැන් වයස අවුරුදු 9 කි ඇගේ අක්කාගේ දැන් වයස සුමුදුගේ දැන් වයස මෙන් 7 ගුණයක්  අක්කාගේ දැන් වයස කීය ද?,63
සුමුදුගේ දැන් වයස අවුරුදු 9 කි ඇගේ අක්කාගේ දැන් වයස සුමුදුගේ දැන් වයස මෙන් 8 ගුණයක්  අක්කාගේ දැන් වයස කීය ද?,72
සුමුදුගේ දැන් වයස අවුරුදු 9 කි ඇගේ අක්කාගේ දැන් වයස සුමුදුගේ දැන් වයස මෙන් 9 ගුණයක්  අක්කාගේ දැන් වයස කීය ද?,81
සුමුදුගේ දැන් වයස අවුරුදු 9 කි ඇගේ අක්කාගේ දැන් වයස සුමුදුගේ දැන් වයස මෙන් 10 ගුණයක්  අක්කාගේ දැන් වයස කීය ද?,90
සුමුදුගේ දැන් වයස අවුරුදු 9 කි ඇගේ අක්කාගේ දැන් වයස සුමුදුගේ දැන් වයස මෙන් 11 ගුණයක්  අක්කාගේ දැන් වයස කීය ද?,99
සුමුදුගේ දැන් වයස අවුරුදු 9 කි ඇගේ අක්කාගේ දැන් වයස සුමුදුගේ දැන් වයස මෙන් 12 ගුණයක්  අක්කාගේ දැන් වයස කීය ද?,108
සුමුදුගේ දැන් වයස අවුරුදු 9 කි ඇගේ අක්කාගේ දැන් වයස සුමුදුගේ දැන් වයස මෙන් 13 ගුණයක්  අක්කාගේ දැන් වයස කීය ද?,117
සුමුදුගේ දැන් වයස අවුරුදු 9 කි ඇගේ අක්කාගේ දැන් වයස සුමුදුගේ දැන් වයස මෙන් 14 ගුණයක්  අක්කාගේ දැන් වයස කීය ද?,126
සුමුදුගේ දැන් වයස අවුරුදු 9 කි ඇගේ අක්කාගේ දැන් වයස සුමුදුගේ දැන් වයස මෙන් 15 ගුණයක්  අක්කාගේ දැන් වයස කීය ද?,135
සුමුදුගේ දැන් වයස අවුරුදු 9 කි ඇගේ අක්කාගේ දැන් වයස සුමුදුගේ දැන් වයස මෙන් 16 ගුණයක්  අක්කාගේ දැන් වයස කීය ද?,144
සුමුදුගේ දැන් වයස අවුරුදු 9 කි ඇගේ අක්කාගේ දැන් වයස සුමුදුගේ දැන් වයස මෙන් 17 ගුණයක්  අක්කාගේ දැන් වයස කීය ද?,153
සුමුදුගේ දැන් වයස අවුරුදු 9 කි ඇගේ අක්කාගේ දැන් වයස සුමුදුගේ දැන් වයස මෙන් 18 ගුණයක්  අක්කාගේ දැන් වයස කීය ද?,162
සුමුදුගේ දැන් වයස අවුරුදු 9 කි ඇගේ අක්කාගේ දැන් වයස සුමුදුගේ දැන් වයස මෙන් 19 ගුණයක්  අක්කාගේ දැන් වයස කීය ද?,171
සුමුදුගේ දැන් වයස අවුරුදු 9 කි ඇගේ අක්කාගේ දැන් වයස සුමුදුගේ දැන් වයස මෙන් 20 ගුණයක්  අක්කාගේ දැන් වයස කීය ද?,180
බස් රථයක මගීන් 58 දෙනෙකුට ගමන් කළ හැකි ය එවැනි බස් රථ 58 ක ගමන් කළ හැකි මුළු මගීන් සංඛ්‍යාව කොපමණ ද?,3364
බස් රථයක මගීන් 58 දෙනෙකුට ගමන් කළ හැකි ය එවැනි බස් රථ 68 ක ගමන් කළ හැකි මුළු මගීන් සංඛ්‍යාව කොපමණ ද?,3944
බස් රථයක මගීන් 58 දෙනෙකුට ගමන් කළ හැකි ය එවැනි බස් රථ 78 ක ගමන් කළ හැකි මුළු මගීන් සංඛ්‍යාව කොපමණ ද?,4524
බස් රථයක මගීන් 58 දෙනෙකුට ගමන් කළ හැකි ය එවැනි බස් රථ 88 ක ගමන් කළ හැකි මුළු මගීන් සංඛ්‍යාව කොපමණ ද?,5104
බස් රථයක මගීන් 58 දෙනෙකුට ගමන් කළ හැකි ය එවැනි බස් රථ 98 ක ගමන් කළ හැකි මුළු මගීන් සංඛ්‍යාව කොපමණ ද?,5684
බස් රථයක මගීන් 58 දෙනෙකුට ගමන් කළ හැකි ය එවැනි බස් රථ 108 ක ගමන් කළ හැකි මුළු මගීන් සංඛ්‍යාව කොපමණ ද?,6264
බස් රථයක මගීන් 58 දෙනෙකුට ගමන් කළ හැකි ය එවැනි බස් රථ 118 ක ගමන් කළ හැකි මුළු මගීන් සංඛ්‍යාව කොපමණ ද?,6844
බස් රථයක මගීන් 58 දෙනෙකුට ගමන් කළ හැකි ය එවැනි බස් රථ 128 ක ගමන් කළ හැකි මුළු මගීන් සංඛ්‍යාව කොපමණ ද?,7424
බස් රථයක මගීන් 58 දෙනෙකුට ගමන් කළ හැකි ය එවැනි බස් රථ 138 ක ගමන් කළ හැකි මුළු මගීන් සංඛ්‍යාව කොපමණ ද?,7424
බස් රථයක මගීන් 58 දෙනෙකුට ගමන් කළ හැකි ය එවැනි බස් රථ 148 ක ගමන් කළ හැකි මුළු මගීන් සංඛ්‍යාව කොපමණ ද?,8584
බස් රථයක මගීන් 58 දෙනෙකුට ගමන් කළ හැකි ය එවැනි බස් රථ 158 ක ගමන් කළ හැකි මුළු මගීන් සංඛ්‍යාව කොපමණ ද?,9164
බස් රථයක මගීන් 58 දෙනෙකුට ගමන් කළ හැකි ය එවැනි බස් රථ 168ක  ගමන් කළ හැකි මුළු මගීන් සංඛ්‍යාව කොපමණ ද?,9744
බස් රථයක මගීන් 58 දෙනෙකුට ගමන් කළ හැකි ය එවැනි බස් රථ 178 ක ගමන් කළ හැකි මුළු මගීන් සංඛ්‍යාව කොපමණ ද?,10324
බස් රථයක මගීන් 58 දෙනෙකුට ගමන් කළ හැකි ය එවැනි බස් රථ 188 ක ගමන් කළ හැකි මුළු මගීන් සංඛ්‍යාව කොපමණ ද?,10904
බස් රථයක මගීන් 58 දෙනෙකුට ගමන් කළ හැකි ය එවැනි බස් රථ 198 ක ගමන් කළ හැකි මුළු මගීන් සංඛ්‍යාව කොපමණ ද?,11484
බස් රථයක මගීන් 58 දෙනෙකුට ගමන් කළ හැකි ය එවැනි බස් රථ 208 ක ගමන් කළ හැකි මුළු මගීන් සංඛ්‍යාව කොපමණ ද?,12064
බස් රථයක මගීන් 58 දෙනෙකුට ගමන් කළ හැකි ය එවැනි බස් රථ 218 ක ගමන් කළ හැකි මුළු මගීන් සංඛ්‍යාව කොපමණ ද?,12644
බස් රථයක මගීන් 58 දෙනෙකුට ගමන් කළ හැකි ය එවැනි බස් රථ 228 ක ගමන් කළ හැකි මුළු මගීන් සංඛ්‍යාව කොපමණ ද?,13224
බස් රථයක මගීන් 58 දෙනෙකුට ගමන් කළ හැකි ය එවැනි බස් රථ 238 ක ගමන් කළ හැකි මුළු මගීන් සංඛ්‍යාව කොපමණ ද?,13804
බස් රථයක මගීන් 58 දෙනෙකුට ගමන් කළ හැකි ය එවැනි බස් රථ 248 ක ගමන් කළ හැකි මුළු මගීන් සංඛ්‍යාව කොපමණ ද?,14384
බස් රථයක මගීන් 58 දෙනෙකුට ගමන් කළ හැකි ය එවැනි බස් රථ 258 ක ගමන් කළ හැකි මුළු මගීන් සංඛ්‍යාව කොපමණ ද?,14964
පෙළකට පුටු 17 ක් තබා ඇත එවැනි පේළි 116 ක ඇති මුළු පුටු ගණන කීය ද?,1972
පෙළකට පුටු 17 ක් තබා ඇත එවැනි පේළි 117 ක ඇති මුළු පුටු ගණන කීය ද?,1989
පෙළකට පුටු 17 ක් තබා ඇත එවැනි පේළි 118 ක ඇති මුළු පුටු ගණන කීය ද?,2006
පෙළකට පුටු 17 ක් තබා ඇත එවැනි පේළි 119 ක ඇති මුළු පුටු ගණන කීය ද?,2023
පෙළකට පුටු 17 ක් තබා ඇත එවැනි පේළි 120 ක ඇති මුළු පුටු ගණන කීය ද?,2040
පෙළකට පුටු 17 ක් තබා ඇත එවැනි පේළි 121 ක ඇති මුළු පුටු ගණන කීය ද?,2057
පෙළකට පුටු 17 ක් තබා ඇත එවැනි පේළි 122 ක ඇති මුළු පුටු ගණන කීය ද?,2074
පෙළකට පුටු 17 ක් තබා ඇත එවැනි පේළි 123 ක ඇති මුළු පුටු ගණන කීය ද?,2091
පෙළකට පුටු 17 ක් තබා ඇත එවැනි පේළි 124 ක ඇති මුළු පුටු ගණන කීය ද?,2108
පෙළකට පුටු 17 ක් තබා ඇත එවැනි පේළි 125 ක ඇති මුළු පුටු ගණන කීය ද?,2125
පෙළකට පුටු 17 ක් තබා ඇත එවැනි පේළි 126 ක ඇති මුළු පුටු ගණන කීය ද?,2146
පෙළකට පුටු 17 ක් තබා ඇත එවැනි පේළි 127 ක ඇති මුළු පුටු ගණන කීය ද?,2159
පෙළකට පුටු 17 ක් තබා ඇත එවැනි පේළි 128 ක ඇති මුළු පුටු ගණන කීය ද?,2176
පෙළකට පුටු 17 ක් තබා ඇත එවැනි පේළි 129 ක ඇති මුළු පුටු ගණන කීය ද?,2193
පෙළකට පුටු 17 ක් තබා ඇත එවැනි පේළි 130 ක ඇති මුළු පුටු ගණන කීය ද?,2210
පෙළකට පුටු 17 ක් තබා ඇත එවැනි පේළි 131 ක ඇති මුළු පුටු ගණන කීය ද?,2227
පෙළකට පුටු 17 ක් තබා ඇත එවැනි පේළි 132 ක ඇති මුළු පුටු ගණන කීය ද?,2244
පෙළකට පුටු 17 ක් තබා ඇත එවැනි පේළි 133 ක ඇති මුළු පුටු ගණන කීය ද?,2261
පෙළකට පුටු 17 ක් තබා ඇත එවැනි පේළි 134 ක ඇති මුළු පුටු ගණන කීය ද?,2278
පෙළකට පුටු 17 ක් තබා ඇත එවැනි පේළි 135 ක ඇති මුළු පුටු ගණන කීය ද?,2295
ගොඩක ගඩොල් කැට 493 ක් තිබේ එවැනි ගොඩවල් 3 ක ඇත ගඩොල් ප‍්‍රමාණය කොපමණ ද?,1479
ගොඩක ගඩොල් කැට 493 ක් තිබේ එවැනි ගොඩවල් 6 ක ඇත ගඩොල් ප‍්‍රමාණය කොපමණ ද?,2958
ගොඩක ගඩොල් කැට 493 ක් තිබේ එවැනි ගොඩවල් 9 ක ඇත ගඩොල් ප‍්‍රමාණය කොපමණ ද?,4437
ගොඩක ගඩොල් කැට 493 ක් තිබේ එවැනි ගොඩවල් 12 ක ඇත ගඩොල් ප‍්‍රමාණය කොපමණ ද?,5916
ගොඩක ගඩොල් කැට 493 ක් තිබේ එවැනි ගොඩවල් 15 ක ඇත ගඩොල් ප‍්‍රමාණය කොපමණ ද?,7395
ගොඩක ගඩොල් කැට 493 ක් තිබේ එවැනි ගොඩවල් 18 ක ඇත ගඩොල් ප‍්‍රමාණය කොපමණ ද?,8874
ගොඩක ගඩොල් කැට 493 ක් තිබේ එවැනි ගොඩවල් 21 ක ඇත ගඩොල් ප‍්‍රමාණය කොපමණ ද?,10353
ගොඩක ගඩොල් කැට 493 ක් තිබේ එවැනි ගොඩවල් 24 ක ඇත ගඩොල් ප‍්‍රමාණය කොපමණ ද?,11832
ගොඩක ගඩොල් කැට 493 ක් තිබේ එවැනි ගොඩවල් 27 ක ඇත ගඩොල් ප‍්‍රමාණය කොපමණ ද?,13311
ගොඩක ගඩොල් කැට 493 ක් තිබේ එවැනි ගොඩවල් 30 ක ඇත ගඩොල් ප‍්‍රමාණය කොපමණ ද?,14790
ගොඩක ගඩොල් කැට 493 ක් තිබේ එවැනි ගොඩවල් 33 ක ඇත ගඩොල් ප‍්‍රමාණය කොපමණ ද?,16269
ගොඩක ගඩොල් කැට 493 ක් තිබේ එවැනි ගොඩවල් 36 ක ඇත ගඩොල් ප‍්‍රමාණය කොපමණ ද?,17748
ගොඩක ගඩොල් කැට 493 ක් තිබේ එවැනි ගොඩවල් 39 ක ඇත ගඩොල් ප‍්‍රමාණය කොපමණ ද?,19227
ගොඩක ගඩොල් කැට 493 ක් තිබේ එවැනි ගොඩවල් 42 ක ඇත ගඩොල් ප‍්‍රමාණය කොපමණ ද?,20706
ගොඩක ගඩොල් කැට 493 ක් තිබේ එවැනි ගොඩවල් 45 ක ඇත ගඩොල් ප‍්‍රමාණය කොපමණ ද?,22185
ගොඩක ගඩොල් කැට 493 ක් තිබේ එවැනි ගොඩවල් 48 ක ඇත ගඩොල් ප‍්‍රමාණය කොපමණ ද?,23664
ගොඩක ගඩොල් කැට 493 ක් තිබේ එවැනි ගොඩවල් 51 ක ඇත ගඩොල් ප‍්‍රමාණය කොපමණ ද?,25143
ගොඩක ගඩොල් කැට 493 ක් තිබේ එවැනි ගොඩවල් 54 ක ඇත ගඩොල් ප‍්‍රමාණය කොපමණ ද?,26622
ගොඩක ගඩොල් කැට 493 ක් තිබේ එවැනි ගොඩවල් 57 ක ඇත ගඩොල් ප‍්‍රමාණය කොපමණ ද?,28101
ගොඩක ගඩොල් කැට 493 ක් තිබේ එවැනි ගොඩවල් 60 ක ඇත ගඩොල් ප‍්‍රමාණය කොපමණ ද?,29580
සහල් මල්ලක බර කිලෝග්‍රෑම් 5 කි ලූනු  මල්ලක බර සහල් මල්ලක බර මෙන් 4 ගුණයක්  ලූනු  මල්ලක බර කොපමණ ද?,20
සහල් මල්ලක බර කිලෝග්‍රෑම් 5කි ලූනු  මල්ලක බර සහල් මල්ලක බර මෙන් 8 ගුණයක්  ලූනු  මල්ලක බර කොපමණ ද?,40
සහල් මල්ලක බර කිලෝග්‍රෑම් 5 කි ලූනු  මල්ලක බර සහල් මල්ලක බර මෙන් 12 ගුණයක්  ලූනු  මල්ලක බර කොපමණ ද?,60
සහල් මල්ලක බර කිලෝග්‍රෑම් 5 කි ලූනු  මල්ලක බර සහල් මල්ලක බර මෙන් 16 ගුණයක්  ලූනු  මල්ලක බර කොපමණ ද?,80
සහල් මල්ලක බර කිලෝග්‍රෑම් 5 කි ලූනු  මල්ලක බර සහල් මල්ලක බර මෙන් 20 ගුණයක්  ලූනු  මල්ලක බර කොපමණ ද?,100
සහල් මල්ලක බර කිලෝග්‍රෑම් 5 කි ලූනු  මල්ලක බර සහල් මල්ලක බර මෙන් 24 ගුණයක්  ලූනු  මල්ලක බර කොපමණ ද?,120
සහල් මල්ලක බර කිලෝග්‍රෑම් 5 කි ලූනු  මල්ලක බර සහල් මල්ලක බර මෙන් 28 ගුණයක්  ලූනු  මල්ලක බර කොපමණ ද?,140
සහල් මල්ලක බර කිලෝග්‍රෑම් 5 කි ලූනු  මල්ලක බර සහල් මල්ලක බර මෙන් 32 ගුණයක්  ලූනු  මල්ලක බර කොපමණ ද?,160
සහල් මල්ලක බර කිලෝග්‍රෑම් 5 කි ලූනු  මල්ලක බර සහල් මල්ලක බර මෙන් 36 ගුණයක්  ලූනු  මල්ලක බර කොපමණ ද?,180
සහල් මල්ලක බර කිලෝග්‍රෑම් 5 කි ලූනු  මල්ලක බර සහල් මල්ලක බර මෙන් 40 ගුණයක්  ලූනු  මල්ලක බර කොපමණ ද?,200
සහල් මල්ලක බර කිලෝග්‍රෑම් 5 කි ලූනු  මල්ලක බර සහල් මල්ලක බර මෙන් 44 ගුණයක්  ලූනු  මල්ලක බර කොපමණ ද?,220
සහල් මල්ලක බර කිලෝග්‍රෑම් 5 කි ලූනු  මල්ලක බර සහල් මල්ලක බර මෙන් 48 ගුණයක්  ලූනු  මල්ලක බර කොපමණ ද?,240
සහල් මල්ලක බර කිලෝග්‍රෑම් 5 කි ලූනු  මල්ලක බර සහල් මල්ලක බර මෙන් 52 ගුණයක්  ලූනු  මල්ලක බර කොපමණ ද?,260
සහල් මල්ලක බර කිලෝග්‍රෑම් 5 කි ලූනු  මල්ලක බර සහල් මල්ලක බර මෙන් 56 ගුණයක්  ලූනු  මල්ලක බර කොපමණ ද?,280
සහල් මල්ලක බර කිලෝග්‍රෑම් 5 කි ලූනු  මල්ලක බර සහල් මල්ලක බර මෙන් 60 ගුණයක්  ලූනු  මල්ලක බර කොපමණ ද?,300
සහල් මල්ලක බර කිලෝග්‍රෑම් 5 කි ලූනු  මල්ලක බර සහල් මල්ලක බර මෙන් 64 ගුණයක්  ලූනු  මල්ලක බර කොපමණ ද?,320
සහල් මල්ලක බර කිලෝග්‍රෑම් 5 කි ලූනු  මල්ලක බර සහල් මල්ලක බර මෙන් 68 ගුණයක්  ලූනු  මල්ලක බර කොපමණ ද?,340
සහල් මල්ලක බර කිලෝග්‍රෑම් 5 කි ලූනු  මල්ලක බර සහල් මල්ලක බර මෙන් 72 ගුණයක්  ලූනු  මල්ලක බර කොපමණ ද?,360
සහල් මල්ලක බර කිලෝග්‍රෑම් 5 කි ලූනු  මල්ලක බර සහල් මල්ලක බර මෙන් 76 ගුණයක්  ලූනු  මල්ලක බර කොපමණ ද?,380
සහල් මල්ලක බර කිලෝග්‍රෑම් 5 කි ලූනු  මල්ලක බර සහල් මල්ලක බර මෙන් 80 ගුණයක්  ලූනු  මල්ලක බර කොපමණ ද?,400
මේසයක පළල මීටර 7 ක් වේ එහි දිග පළල මෙන් 2 ගුණයකි   මේසයේ දිග කොපමණ ද?,14
මේසයක පළල මීටර 7 ක් වේ එහි දිග පළල මෙන් 12 ගුණයකි   මේසයේ දිග කොපමණ ද?,84
මේසයක පළල මීටර 7 ක් වේ එහි දිග පළල මෙන් 22 ගුණයකි   මේසයේ දිග කොපමණ ද?,154
මේසයක පළල මීටර 7 ක් වේ එහි දිග පළල මෙන් 32 ගුණයකි   මේසයේ දිග කොපමණ ද?,224
මේසයක පළල මීටර 7 ක් වේ එහි දිග පළල මෙන් 42 ගුණයකි   මේසයේ දිග කොපමණ ද?,294
මේසයක පළල මීටර 7 ක් වේ එහි දිග පළල මෙන් 52 ගුණයකි   මේසයේ දිග කොපමණ ද?,364
මේසයක පළල මීටර 7 ක් වේ එහි දිග පළල මෙන් 62 ගුණයකි   මේසයේ දිග කොපමණ ද?,434
මේසයක පළල මීටර 7 ක් වේ එහි දිග පළල මෙන් 72 ගුණයකි   මේසයේ දිග කොපමණ ද?,504
මේසයක පළල මීටර 7 ක් වේ එහි දිග පළල මෙන් 82 ගුණයකි   මේසයේ දිග කොපමණ ද?,574
මේසයක පළල මීටර 7 ක් වේ එහි දිග පළල මෙන් 92 ගුණයකි   මේසයේ දිග කොපමණ ද?,644
මේසයක පළල මීටර 7 ක් වේ එහි දිග පළල මෙන් 102 ගුණයකි   මේසයේ දිග කොපමණ ද?,714
මේසයක පළල මීටර 7 ක් වේ එහි දිග පළල මෙන් 112 ගුණයකි   මේසයේ දිග කොපමණ ද?,784
මේසයක පළල මීටර 7 ක් වේ එහි දිග පළල මෙන් 122 ගුණයකි   මේසයේ දිග කොපමණ ද?,854
මේසයක පළල මීටර 7 ක් වේ එහි දිග පළල මෙන් 132 ගුණයකි   මේසයේ දිග කොපමණ ද?,924
මේසයක පළල මීටර 7 ක් වේ එහි දිග පළල මෙන් 142 ගුණයකි   මේසයේ දිග කොපමණ ද?,994
මේසයක පළල මීටර 7 ක් වේ එහි දිග පළල මෙන් 152 ගුණයකි   මේසයේ දිග කොපමණ ද?,1064
මේසයක පළල මීටර 7 ක් වේ එහි දිග පළල මෙන් 162 ගුණයකි   මේසයේ දිග කොපමණ ද?,1134
මේසයක පළල මීටර 7 ක් වේ එහි දිග පළල මෙන් 172 ගුණයකි   මේසයේ දිග කොපමණ ද?,1204
මේසයක පළල මීටර 7 ක් වේ එහි දිග පළල මෙන් 182 ගුණයකි   මේසයේ දිග කොපමණ ද?,1274
මේසයක පළල මීටර 7 ක් වේ එහි දිග පළල මෙන් 192 ගුණයකි   මේසයේ දිග කොපමණ ද?,1344
කඩයක මිනිසුන් 67 දෙනෙකු සිටී එවැනි කඩ 2 ක සිටින මුළු මිනිසුන් ගණන කීයද?,134
කඩයක මිනිසුන් 67 දෙනෙකු සිටී එවැනි කඩ 7 ක සිටින මුළු මිනිසුන් ගණන කීයද?,469
කඩයක මිනිසුන් 67 දෙනෙකු සිටී එවැනි කඩ 12 ක සිටින මුළු මිනිසුන් ගණන කීයද?,804
කඩයක මිනිසුන් 67 දෙනෙකු සිටී එවැනි කඩ 17 ක සිටින මුළු මිනිසුන් ගණන කීයද?,1139
කඩයක මිනිසුන් 67 දෙනෙකු සිටී එවැනි කඩ 22 ක සිටින මුළු මිනිසුන් ගණන කීයද?,1474
කඩයක මිනිසුන් 67 දෙනෙකු සිටී එවැනි කඩ 27 ක සිටින මුළු මිනිසුන් ගණන කීයද?,1809
කඩයක මිනිසුන් 67 දෙනෙකු සිටී එවැනි කඩ 32 ක සිටින මුළු මිනිසුන් ගණන කීයද?,2144
කඩයක මිනිසුන් 67 දෙනෙකු සිටී එවැනි කඩ 37 ක සිටින මුළු මිනිසුන් ගණන කීයද?,2479
කඩයක මිනිසුන් 67 දෙනෙකු සිටී එවැනි කඩ 42 ක සිටින මුළු මිනිසුන් ගණන කීයද?,2814
කඩයක මිනිසුන් 67 දෙනෙකු සිටී එවැනි කඩ 47 ක සිටින මුළු මිනිසුන් ගණන කීයද?,3149
කඩයක මිනිසුන් 67 දෙනෙකු සිටී එවැනි කඩ 52 ක සිටින මුළු මිනිසුන් ගණන කීයද?,3484
කඩයක මිනිසුන් 67 දෙනෙකු සිටී එවැනි කඩ 57 ක සිටින මුළු මිනිසුන් ගණන කීයද?,3819
කඩයක මිනිසුන් 67 දෙනෙකු සිටී එවැනි කඩ 62 ක සිටින මුළු මිනිසුන් ගණන කීයද?,4154
කඩයක මිනිසුන් 67 දෙනෙකු සිටී එවැනි කඩ 67 ක සිටින මුළු මිනිසුන් ගණන කීයද?,4489
කඩයක මිනිසුන් 67 දෙනෙකු සිටී එවැනි කඩ 72 ක සිටින මුළු මිනිසුන් ගණන කීයද?,4824
කඩයක මිනිසුන් 67 දෙනෙකු සිටී එවැනි කඩ 77 ක සිටින මුළු මිනිසුන් ගණන කීයද?,5159
කඩයක මිනිසුන් 67 දෙනෙකු සිටී එවැනි කඩ 82 ක සිටින මුළු මිනිසුන් ගණන කීයද?,5494
කඩයක මිනිසුන් 67 දෙනෙකු සිටී එවැනි කඩ 87 ක සිටින මුළු මිනිසුන් ගණන කීයද?,8829
කඩයක මිනිසුන් 67 දෙනෙකු සිටී එවැනි කඩ 92 ක සිටින මුළු මිනිසුන් ගණන කීයද?,6164
කඩයක මිනිසුන් 67 දෙනෙකු සිටී එවැනි කඩ 97 ක සිටින මුළු මිනිසුන් ගණන කීයද?,6499
මාරි බිස්කට් පැකට් එකක මිල රුපියල් 100 කි පෙට්‍රෝල් ලීටර එකක මිල මාරි බිස්කට් පැකට් එකක මිල මෙන් 4 ගුණයකි  පෙට්‍රෝල් ලීටරයක මිල කීයද?,400
මාරි බිස්කට් පැකට් එකක මිල රුපියල් 100 කි පෙට්‍රෝල් ලීටර එකක මිල මාරි බිස්කට් පැකට් එකක මිල මෙන් 6 ගුණයකි  පෙට්‍රෝල් ලීටරයක මිල කීයද?,600
මාරි බිස්කට් පැකට් එකක මිල රුපියල් 100 කි පෙට්‍රෝල් ලීටර එකක මිල මාරි බිස්කට් පැකට් එකක මිල මෙන් 8 ගුණයකි  පෙට්‍රෝල් ලීටරයක මිල කීයද?,800
මාරි බිස්කට් පැකට් එකක මිල රුපියල් 100 කි පෙට්‍රෝල් ලීටර එකක මිල මාරි බිස්කට් පැකට් එකක මිල මෙන් 10 ගුණයකි  පෙට්‍රෝල් ලීටරයක මිල කීයද?,1000
මාරි බිස්කට් පැකට් එකක මිල රුපියල් 100 කි පෙට්‍රෝල් ලීටර එකක මිල මාරි බිස්කට් පැකට් එකක මිල මෙන් 12 ගුණයකි  පෙට්‍රෝල් ලීටරයක මිල කීයද?,1200
මාරි බිස්කට් පැකට් එකක මිල රුපියල් 100 කි පෙට්‍රෝල් ලීටර එකක මිල මාරි බිස්කට් පැකට් එකක මිල මෙන් 14 ගුණයකි  පෙට්‍රෝල් ලීටරයක මිල කීයද?,1400
මාරි බිස්කට් පැකට් එකක මිල රුපියල් 100 කි පෙට්‍රෝල් ලීටර එකක මිල මාරි බිස්කට් පැකට් එකක මිල මෙන් 16 ගුණයකි  පෙට්‍රෝල් ලීටරයක මිල කීයද?,1600
මාරි බිස්කට් පැකට් එකක මිල රුපියල් 100 කි පෙට්‍රෝල් ලීටර එකක මිල මාරි බිස්කට් පැකට් එකක මිල මෙන් 18 ගුණයකි  පෙට්‍රෝල් ලීටරයක මිල කීයද?,1800
මාරි බිස්කට් පැකට් එකක මිල රුපියල් 100 කි පෙට්‍රෝල් ලීටර එකක මිල මාරි බිස්කට් පැකට් එකක මිල මෙන් 20 ගුණයකි  පෙට්‍රෝල් ලීටරයක මිල කීයද?,2000
මාරි බිස්කට් පැකට් එකක මිල රුපියල් 100 කි පෙට්‍රෝල් ලීටර එකක මිල මාරි බිස්කට් පැකට් එකක මිල මෙන් 22 ගුණයකි  පෙට්‍රෝල් ලීටරයක මිල කීයද?,2200
මාරි බිස්කට් පැකට් එකක මිල රුපියල් 100 කි පෙට්‍රෝල් ලීටර එකක මිල මාරි බිස්කට් පැකට් එකක මිල මෙන් 24 ගුණයකි  පෙට්‍රෝල් ලීටරයක මිල කීයද?,2400
මාරි බිස්කට් පැකට් එකක මිල රුපියල් 100 කි පෙට්‍රෝල් ලීටර එකක මිල මාරි බිස්කට් පැකට් එකක මිල මෙන් 26 ගුණයකි  පෙට්‍රෝල් ලීටරයක මිල කීයද?,2600
මාරි බිස්කට් පැකට් එකක මිල රුපියල් 100 කි පෙට්‍රෝල් ලීටර එකක මිල මාරි බිස්කට් පැකට් එකක මිල මෙන් 28 ගුණයකි  පෙට්‍රෝල් ලීටරයක මිල කීයද?,2800
මාරි බිස්කට් පැකට් එකක මිල රුපියල් 100 කි පෙට්‍රෝල් ලීටර එකක මිල මාරි බිස්කට් පැකට් එකක මිල මෙන් 30 ගුණයකි  පෙට්‍රෝල් ලීටරයක මිල කීයද?,3000
මාරි බිස්කට් පැකට් එකක මිල රුපියල් 100 කි පෙට්‍රෝල් ලීටර එකක මිල මාරි බිස්කට් පැකට් එකක මිල මෙන් 32 ගුණයකි  පෙට්‍රෝල් ලීටරයක මිල කීයද?,3200
මාරි බිස්කට් පැකට් එකක මිල රුපියල් 100 කි පෙට්‍රෝල් ලීටර එකක මිල මාරි බිස්කට් පැකට් එකක මිල මෙන් 34 ගුණයකි  පෙට්‍රෝල් ලීටරයක මිල කීයද?,3400
පාර්ලිමේන්තුවක හරක් 225 ක් සිටි  එවැනි පාර්ලිමේන්තු 13 ක සිටින මුළු හරක් ගණන කීයද?,2925
පාර්ලිමේන්තුවක හරක් 225 ක් සිටි එවැනි පාර්ලිමේන්තු 19 ක සිටින මුළු හරක් ගණන කීයද?,4275
පාර්ලිමේන්තුවක හරක් 225 ක් සිටි එවැනි පාර්ලිමේන්තු 23 ක සිටින මුළු හරක් ගණන කීයද?,5175
පාර්ලිමේන්තුවක හරක් 225 ක් සිටි එවැනි පාර්ලිමේන්තු 29 ක සිටින මුළු හරක් ගණන කීයද?,6525
පාර්ලිමේන්තුවක හරක් 225 ක් සිටි එවැනි පාර්ලිමේන්තු 33 ක සිටින මුළු හරක් ගණන කීයද?,7425
පාර්ලිමේන්තුවක හරක් 225 ක් සිටි එවැනි පාර්ලිමේන්තු 39 ක සිටින මුළු හරක් ගණන කීයද?,8725
පාර්ලිමේන්තුවක හරක් 225 ක් සිටි එවැනි පාර්ලිමේන්තු 43 ක සිටින මුළු හරක් ගණන කීයද?,9675
පාර්ලිමේන්තුවක හරක් 225 ක් සිටි එවැනි පාර්ලිමේන්තු 49 ක සිටින මුළු හරක් ගණන කීයද?,11025
පාර්ලිමේන්තුවක හරක් 225 ක් සිටි එවැනි පාර්ලිමේන්තු 53 ක සිටින මුළු හරක් ගණන කීයද?,11925
පාර්ලිමේන්තුවක හරක් 225 ක් සිටි එවැනි පාර්ලිමේන්තු 59 ක සිටින මුළු හරක් ගණන කීයද?,13275
පාර්ලිමේන්තුවක හරක් 225 ක් සිටි එවැනි පාර්ලිමේන්තු 63 ක සිටින මුළු හරක් ගණන කීයද?,14175
පාර්ලිමේන්තුවක හරක් 225 ක් සිටි එවැනි පාර්ලිමේන්තු 69 ක සිටින මුළු හරක් ගණන කීයද?,15525
පාර්ලිමේන්තුවක හරක් 225 ක් සිටි එවැනි පාර්ලිමේන්තු 73 ක සිටින මුළු හරක් ගණන කීයද?,16425
පාර්ලිමේන්තුවක හරක් 225 ක් සිටි එවැනි පාර්ලිමේන්තු 79 ක සිටින මුළු හරක් ගණන කීයද?,17725
පාර්ලිමේන්තුවක හරක් 225 ක් සිටි එවැනි පාර්ලිමේන්තු 83 ක සිටින මුළු හරක් ගණන කීයද?,18675
