Question,Label
කණුවක බැලූන් බෝල 2 ක බැගින් බැලූන් බෝල 600 ක් ගැට ගැසීමට අවශ්‍ය කණු ගණන කීය ද?,Division
බිස්කට් 300 ක් ඇත. ළමයෙකුට බිස්කට් 2 බැගින් ළමයි කී දෙනෙකුට ලබා දිය හැකි ද?,Division
මීටර 90 ක් දිග කම්බියක් ඇත. සමාන කැබලි 2 බැගින් කැබලි කොපමණ ප්‍රමාණයක් කැපිය හැකි ද?,Division
මීටර 60 ක් දිග ඉටි රෙද්දක් ඇත. මේසවලට දැමීම සදහා සමාන දිගින් යුතු කැබලි 2 බැගින් කැබලි කොපමණ ප්‍රමාණයක් කැපිය හැකි ද?,Division
පැන්සල් 420 ක් ඇත. ළමයෙකුට පැන්සල් 2 බැගින් ළමයි කී දෙනෙකුට ලබා දිය හැකි ද?,Division
යෝගට් 720 ක් ඇත. යෝගට් 2 බැගින් වූ ඇසුරුම් කොපමණ සංඛ්‍යාවක් සෑදිය හැකි ද?,Division
කෙසෙල් ගෙඩි 840 ක් ඇත. කෙසෙල් ගෙඩි 2 ක් බැගින් වෙන් කලහොත් එසේ වෙන් කළ හැකි කොටස් ගණන කීයද?,Division
පොත් 900 ක් ඇත. අයකුට පොත් 2 බැගින් කී දෙනෙකුට ලබා දිය හැකි ද?,Division
බෝල 450  ක් ඇත. බෝල 2 ක් බැගින් වෙන් කල හැකි කොටස් ගණන කීයද?,Division
අඹ ගෙඩි 1200 ක් ඇත. අඹ ගෙඩි 2 බැගින් පෙට්ටි වලට වෙන් කලහොත් එසේ වෙන් කළ හැකි පෙට්ටි ගණන කීයද?,Division
උත්සව ශාලාවක ඇති පුටු 100 ක් ඇත. මේසයකට පුටු 2 බැගින් මේස කීයක් තැබිය හැකි ද?,Division
කූඩයක නාරං ගෙඩි 2 ක් ඇත. එවැනි කූඩ 2 ඇති මුළු නාරං ගෙඩි ගණන කීය ද?,Multiplication
එක් පෙට්ටියක පැන්සල් 4 ක් තිබේ. එවැනි පෙට්ටි 2 ඇති මුළු පැන්සල් ගණන කොපමණ ද?,Multiplication
පෑනක මිල රුපියල් 12 කි. එවැනි පෑන් 3 ක මිල කොපමණ ද?,Multiplication
මකනයක  මිල රුපියල් 20 කි. පොතක මිල මකනයක මිල මෙන් 2 ගුණයක්. පොතක මිල කොපමණ ද?,Multiplication
සුමුදුගේ දැන් වයස අවුරුදු 9 කි. ඇගේ අක්කාගේ දැන් වයස සුමුදුගේ දැන් වයස මෙන් 2 ගුණයක්. අක්කාගේ දැන් වයස කීය ද?,Multiplication
බස් රථයක මගීන් 58 දෙනෙකුට ගමන් කළ හැකි ය. එවැනි බස් රථ 58 ක ගමන් කළ හැකි මුළු මගීන් සංඛ්‍යාව කොපමණ ද?,Multiplication
පෙළකට පුටු 17 ක් තබා ඇත. එවැනි පේළි 116 ක ඇති මුළු පුටු ගණන කීය ද?,Multiplication
ගොඩක ගඩොල් කැට 493 ක් තිබේ. එවැනි ගොඩවල් 3 ක ඇත ගඩොල් ප‍්‍රමාණය කොපමණ ද?,Multiplication
සහල් මල්ලක බර කිලෝග්‍රෑම් 5 කි. ලූනු  මල්ලක බර සහල් මල්ලක බර මෙන් 4 ගුණයක්. ලූනු  මල්ලක බර කොපමණ ද?,Multiplication
මේසයක පළල මීටර 7 ක් වේ. එහි දිග පළල මෙන් 2 ගුණයකි.  මේසයේ දිග කොපමණ ද?,Multiplication
කඩයක මිනිසුන් 67 දෙනෙකු සිටී. එවැනි කඩ 2 ක සිටින මුළු මිනිසුන් ගණන කීයද?,Multiplication
මාරි බිස්කට් පැකට් එකක මිල රුපියල් 100 කි. පෙට්‍රෝල් ලීටර එකක මිල මාරි බිස්කට් පැකට් එකක මිල මෙන් 4 ගුණයකි. පෙට්‍රෝල් ලීටරයක මිල කීයද?,Multiplication
පාර්ලිමේන්තුවක හරක් 225 ක් සිටි. එවැනි පාර්ලිමේන්තු 13 ක සිටින මුළු හරක් ගණන කීයද?,Multiplication
එක් බදුනකට නෙලූම් මල් 182 ක් දමා ඇත. එවැනි බදුන් 3 ක් ඇත. එම බදුන් තුනෙහි ඇති මුළු නෙලූම් මල් සංඛ්‍යාව කීය ද?,Multiplication
පොත් තොගයක් පාසල් 2 ක් අතර සමානව බෙදූ විට එක් පාසලකට පොත් 480 ක් ලැබුණි. බෙදා දුන් මුළු පොත් සංඛ්‍යාව කීය ද?,Multiplication
ගඩොල් ගොඩක ගඩොල් කැට 493 ක් තිබේ නම් ගොඩවල් 3 ක ඇති ගඩොල් ප‍්‍රමාණය කොපමණ ද?,Multiplication
සුමුදුගේ දැන් වයස අවුරුදු 9 කි. ආච්චිගේ දැන් වයස සුමුදුගේ දැන් වයස මෙන් 8 ගුණයකි. ආච්චිගේ දැන් වයස කීය ද?,Multiplication
පොත් 576 ක් සමානව පන්ති 4 කට බෙදූ විට එක් පන්තියකට පොත් කීයක් ලැබේ ද?,Division
පොත් 92 ක් එක් අයකුට 4 බැගින් කී දෙනෙකුට ලබා දිය හැකි ද?,Division
ශාලාවක් සැරසීමට බැලූම් බෝල 418 ක් ලබා දී ඇත. බැලූම් බෝල 2 බැගින් පොකුරු කීයක් සෑදිය හැකි ද?,Division
කොඩි 60 කින් කොඩි වැල් 4 ක් සැකසිය යුතු වේ. එක් කොඩි වැලක තිබිය යුතු කොඩි ගණන කීය ද?,Division
පුටු 610 ක් කාමර 5 ක සමාන ප‍්‍රමාණවලින් තබා ඇත. එක් කාමරයක තබා ඇති පුටු ගණන කීය ද?,Division
සුමුදුගේ දැන් වයස අවුරුදු 5 කි. ඇගේ අක්කාගේ දැන් වයස සුමුදුගේ දැන් වයස මෙන් 3 ගුණයක්. අක්කාගේ දැන් වයස කීය ද?,Multiplication
අඹ ගෙඩි 55 ක් එක් අයකුට 5 බැගින් කී දෙනෙකුට ලබා දිය හැකි ද?,Division
සහල් තොගයක් පවුල් 10 ක් අතර සමානව බෙදූ විට එක් පවුලකට සහල් කිලෝග්‍රෑම් 10 ක් ලැබුණි. බෙදා දුන් මුළු සහල් ප‍්‍රමාණය කොපමණ ද?,Multiplication
ඇපල් ගෙඩි 570 ක් සමානව ළමුන් 570 කට බෙදූ විට එක් ළමයෙක් ට ලැබෙන ඇපල් ගෙඩි ගණන කීය ද?,Division
කිරි පැකට් එකක මිල රුපියල් 80 කි. පෙට්‍රෝල් ලීටර එකක මිල කිරි පැකට් එකක මිල මෙන් 5 ගුණයකි. පෙට්‍රෝල් ලීටරයක මිල කීයද?,Multiplication
මීටර 30 ක් දිග කම්බියක් ඇත. සමාන කැබලි 3 බැගින් කැබලි කොපමණ ප්‍රමාණයක් කැපිය හැකි ද?,Division
කණුවක බැලූන් බෝල 10 ක් බැගින් බැලූන් බෝල 600 ක් ගැට ගැසීමට අවශ්‍ය කණු ගණන කීය ද?,Division
ගඩොල් ගොඩක ගඩොල් කැට 1500 ක් තිබේ නම් ගොඩවල් 10 ක ඇති ගඩොල් ප‍්‍රමාණය කොපමණ ද?,Multiplication
ගුවන් යානාවක් එක්තරා ගමනක් සදහා තෙල් ලීටර 2000 ක් භාවිතා කරයි. එවැනි ගමන් 20 ක් යාමට අවශ්‍ය තෙල් ප්‍රමාණය කොපමණද?,Multiplication
නන්දසේන වසරකට ඩොලර් මිලියන 6000 ක් වංචා කරන ලදී. එසේ වසර 5 ක් තුළ වංචා කරන ලද මුළු මුදල කීයද?,Multiplication
පර්සි ක්‍රීඩාංගණයක් නවිකරණය කිරීම කියා රුපියල් කෝටි 2 ක් වංචා කරන ලදී. එසේ ක්‍රීඩාගාර 10 ක් නවිකරණය කරන ලද්දේ නම් වංචා කරන ලද මුළු මුදල කොපමණද?,Multiplication
ශාලාවක් සැරසීමට බැලූම් බෝල 3000 ක් ලබා දී ඇත. බැලූම් බෝල 5 බැගින් පොකුරු කීයක් සෑදිය හැකි ද?,Division
බිස්කට් 210 ක් එක් ළමයෙකුට බිස්කට් 10 බැගින් ළමයි කී දෙනෙකුට ලබා දිය හැකි ද?,Division
කෙසෙල් ගෙඩි 100 ක් ඇත. කෙසෙල් ගෙඩි 20 බැගින් පෙට්ටි වලට වෙන් කලහොත් එසේ වෙන් කළ හැකි පෙට්ටි ගණන කීයද?,Division
එක් බදුනකට සුදු මල් 45 ක් දමා ඇත. එවැනි බදුන් 7 ක් ඇත. එම බදුන් තුනෙහි ඇති මුළු සුදු මල් සංඛ්‍යාව කීය ද?,Multiplication
සහල් මල්ලක බර කිලෝග්‍රෑම් 10 කි. ලූනු  මල්ලක බර සහල් මල්ලක බර මෙන් 3 ගුණයක්. ලූනු  මල්ලක බර කොපමණ ද?,Multiplication
පොත් 588 ක් ඇත. අයකුට පොත් 4 බැගින් කී දෙනෙකුට ලබා දිය හැකි ද?,Division
පාර්ලිමේන්තුවක ගවයෝ 25 ක් සිටි. එවැනි පාර්ලිමේන්තු 25 ක සිටින මුළු හරක් ගණන කීයද?,Multiplication
ඇපල් ගෙඩි 390 ක් සමානව ළමුන් 195 කට බෙදූ විට එක් ළමයෙක් ට ලැබෙන ඇපල් ගෙඩි ගණන කීය ද?,Division
නන්දසේන වසරකට ඩොලර් මිලියන 40 ක් වංචා කරන ලදී. එසේ වසර 35 ක් තුළ වංචා කරන ලද මුළු මුදල කීයද?,Multiplication
කඩයක මිනිසුන් 7 දෙනෙකු සිටී. එවැනි කඩ 26 ක සිටින මුළු මිනිසුන් ගණන කීයද?,Multiplication
බිස්කට් 10 ක් එක් ළමයෙකුට බිස්කට් 2 බැගින් ළමයි කී දෙනෙකුට ලබා දිය හැකි ද?,Division
මීටර 50 ක් දිග කම්බියක් ඇත. සමාන කැබලි 25 බැගින් කැබලි කොපමණ ප්‍රමාණයක් කැපිය හැකි ද?,Division
පුටු 35 ක් කාමර 7 ක සමාන ප‍්‍රමාණවලින් තබා ඇත. එක් කාමරයක තබා ඇති පුටු ගණන කීය ද?,Division
පොත් 200 ක් සමානව පන්ති 10 කට බෙදූ විට එක් පන්තියකට පොත් කීයක් ලැබේ ද?,Division
පොත් 900 ක් එක් අයකුට 2 බැගින් කී දෙනෙකුට ලබා දිය හැකි ද?,Division
පේර ගෙඩි 20 කින් 4 න් පංගු 1 ක පේර ගෙඩි  ගණන කීයද?,Division
අඹ ගෙඩි 28 කින් 4 න් පංගු 2 ක අඹ ගෙඩි  ගණන කීයද?,Division
පැපොල් ගෙඩි 36 කින් 4 න් පංගු 3 ක පැපොල් ගෙඩි  ගණන කීයද?,Division
ගුරුතුමිය එක් ළමයෙකුට පෑන් 3 බැගින් ලැබෙන සේ පෑන් 423 ක් බෙදා දුන්නා ය. පෑන් ලබා ගත් ළමයින් සංඛ්‍යාව කීය ද?,Division
ශ්‍රිලංකාවේ සමස්ත ජනග්‍රහනය මිලියන 2 කි. එය දිස්ත්‍රික්ක 25 න් බෙදූ විට එක් දිස්ත්‍රික්කයක සිටින මුලු ජනග්‍රහනය කීය ද?,Division
කොප්පයක  මිල රුපියල් 250 කි. පිගානක මිල කෝප්පයක මිල මෙන් 2 ගුණයකි. පිගානක මිල කොපමණ ද?,Multiplication
පෑන් 300 ක් ඇත. අයකුට 2 බැගින් කී දෙනෙකුට ලබා දිය හැකි ද?,Division
බෝතල් 250  ක් ඇත. බෝතල් 1 ක් බැගින් වෙන් කල හැකි කොටස් ගණන කීයද?,Division
හරක් පට්ටියක හරක් 525 ක් සිටි. එවැනි හරක් පට්ටි 13 ක සිටින මුළු හරක් ගණන කීයද?,Multiplication
ගමනක් යාමට මෝටර් රථයකට පෙට්‍රල් ලීටර 5 ක් වැයවේ. එවැනි ගමන් 2 ක් යාමට කොපමණ පෙට්‍රල් වැයවේද?,Multiplication
මීටර 60 ක් දිග පොල්ලක් ඇත. සමාන දිගින් යුතු කැබලි 8 කට කැපූ විට එක් කැබැල්ලක දිග කොපමණද?,Division
හැන්දක මිල රුපියල් 50 කි. එවැනි හැදි 5 ක මිල කොපමණ ද?,Multiplication
අල මල්ලක බර කිලෝග්‍රෑම් 10 කි. ලූනු  මල්ලක බර අල මල්ලක බර මෙන් 2 ගුණයකි. ලූනු  මල්ලක බර කොපමණ ද?,Multiplication
කූඩයක අඹ ගෙඩි 20 ක් ඇත. එවැනි කූඩ 14 ඇති මුළු නාරං ගෙඩි ගණන කීය ද?,Multiplication
ලොරි රථයක මගීන් 75 දෙනෙකුට ගමන් කළ හැකි ය. එවැනි ලොරි රථ 21 ක ගමන් කළ හැකි මුළු මගීන් සංඛ්‍යාව කොපමණ ද?,Multiplication
උත්සව ශාලාවක ඇති පුටු 400කි. මේසයකට පුටු 6 බැගින් මේස කීයක් තැබිය හැකි ද?,Division
බෝතලයක මිල රුපියල් 120 කි. එවැනි බෝතල් 5 ක මිල කොපමණ ද?,Multiplication
බිස්කට් පැකට් එකක මිල රුපියල් 120 කි. සබන් කැටයක මිල බිස්කට් පැකට් එකක මිල මෙන් 2 ගුණයකි. සබන් කැටයක මිල කීයද?,Multiplication
ගෙවත්තක අඹ ගස් 2 ක් ඇත ජම්බු ගස් 3 ක් ඇත ගෙවත්තේ ඇති මුළු ගස් ගණන කීය ද?,Addition
මා ළඟ රුපියල් 40 ක් ඇත එයින් රුපියල් 20 ක් යහළුවෙක් ට දුන්නේ ය මා ළඟ ඉතිරි මුදල කොපමණ ද?,Subtraction
වට්ටියක් සුදු මල් 10 ක් ඇත තව රතු මල් 20 ක් ද ඇත වට්ටියේ ඇති මුළු මල් ගණන කීය ද?,Addition
පරිගණක 6 කින් පරිගණක 3 ක් අබලන් වි ඇත අබලන් වි නොමැති පරිගනක ගණන කීය ද?,Subtraction
වතුර ලීටර 2 කට තව වතුර ලීටර 3 ක් එකතු කල විට මුළු වතුර ප්‍රමාණය ලීටර කොපමණ ද?,Addition
පොත් 20 කින් පොත් 10 ක් නැති වුණේ නම් ඉතිරි පොත් ගණන කීය ද?,Subtraction
එක් ගඩොල් ගොඩක ගඩොල් කැට 453 ක් ඇත තවත් ගඩොල් ගොඩක ගඩොල් කැට 473 ක් ඇත මුළු ගඩොල් කැට ගණන කීය ද?,Addition
එක් ගඩොල් ගොඩක ගඩොල් කැට 387 ක් ඇත එයින්  ගඩොල් කැට 35 ක් ඇත විකුණන ලදී ඉතිරි ගඩොල් කැට ගණන කීය ද?,Subtraction
පංතියක පිරිමි ළමයි 23 ක් සිටි ගැහැණු ළමයි 19 ක් සිටි පන්තියේ සිටින මුළු ලමයින් ගනන කීය ද,Addition
නිමල් ළඟ ටෙනිස් බෝල 10 ක් තිබුණි එයින් ටෙනිස් බෝල 4 ක් කමල් ට දෙන ලදී නිමල් ළඟ ඇති ඉතිරි බොල ගණන කීය ද?,Subtraction
බිස්කට් පැකට් 20 ක් ඇති අයකුට තව ත් බිස්කට්  පැකට් 43 ක් ලබා දුන් විට ඔහු ළඟ ඇති මුළු බිස්කට් පැකට් ගණන කීය ද?,Addition
එක්තරා බස් රථයක මගින් 98 ක් සිටියේ ය එක් බස් නැවතුම්පොළ කින් එම බස් රථ යෙන් මගින් 23 නේක් පිටත් ව ගියේ ය බස් රථ යේ සිටින ඉතිරි මගින් ගණන කීය ද?,Subtraction
අකිල ළඟ තිබු රුපියල් 1000 ක‍ මුදලින් රුපියල් 100 ක‍ මුදල් නෝට්ටුවක් නැති වි තිබේ අකිල ළඟ ඇති ඉතිරි මුදල කීය ද?,Subtraction
කඩයක මුදලාලි ගෙන් ලබා ගත් භාණ්ඩ වලට රුපියල් 2300 ක් ගෙවීම සදහා අරෝෂ රුපියල් 5000 ක් මුදලාලි ට ලබා දුනි අරෝෂ ට ලැබීය යුතු ඉතිරි මුදල කීය ද?,Subtraction
ගයාන් කොලඹ සිට මාතර දක්වා ගමන් කිරීමට පැය 3 ක් ගත කළේය එතැන් සිට තව පැය 2 ක් වැය කර තංගල්ල ට ගමන් කළේය ගයාන් ට ගමන සදහා වැයවූ මුළු කාළය කොපමණ ද?,Addition
රන්දිමා ක්‍රිකට් තරගාවලිය ක පලමු තරගයේ ලකුණු 43 ක් ලබා ගත්තෙ ය දෙවැනි තරගයේ ලකුණු 67 ක් ලබා ගත්තෙ ය රන්දිමා තරඟාවලි යේ ලබා ගත් මුළු ලකුණු ප්‍රමාණය කොපමණද?,Addition
හිරු ළඟ තිබු වතුර බෝතලයක තිබු වතුර ලීටර 2 කින් වතුර ලීටර 1 ක් ඔහු පානය කරන ලදී බෝතලේ ඉතිරි වතුර ප්‍රමාණය ලීටර කිය ද?,Subtraction
රුපියල් 70 ක‍ කිරි පැකට් එකක් ලබා ගැනීමට රුපියල් 100 ක් ලබා දුන් විට ලැබෙන ඉතිරි මුදල කොපමණ ද?,Subtraction
ශේන් තාමගෙ මොටර් රථය සදහා එක් ඉන්ධන පිරවුම් හලකින් පෙට්‍රෝල් ලීටර 5 ක් ලබාගෙන තවත් පිරවුම් හලකින් පෙට්‍රෝල් ලීටර 3 ක් ලබා ගත්තෙ ය ඔහු ලබා ගත් මුළු පෙට්‍රෝල් ප්‍රමාණය ලීටර කිය ද?,Addition
එක්තරා අමතර පංතියක ගැහැණු ලමුන් 300 ක් ද පිරිමි ලමුන් 250 ක් ද සිටි පංතියේ සිටින මුළු ලමුන් ගණන කීය ද?,Addition
මිනිදු ප්‍රශ්න 100 ක් ලියා දෙන ලැබුවේය චතුර ප්‍රශ්න 132 ක් ලියා දෙනු ලැබුවේය ඔවුන් දෙදෙනාම ලියා දුන් මුළු ප්‍රශ්න ගණන කීය ද?,Addition
එක්තරා ආයතනයක පලමු වසර සදහා අයකරනු ලබන මුදල් රුපියල් 450000 කී දෙවන වසර සදහා අය කරණු ලබන මුදල  රුපියල් 510000 කී පලමු දෙවසර අය කරන මුළු මුදල කීය ද?,Addition
එක්තරා සේවාවක් සදහා ගෙවිය යුතු මුළු මුදල රුපියල් 35000 කී එයින් රුපියල් 25000 ක් ගෙවා ඇත ගෙවීමට ඇති ඉතිරි මුදල කොපමණ ද?,Subtraction
ගෙවත්තක අඹ ගස් 43 ක් ඇත ජම්බු ගස් 1 ක් ඇත ගෙවත්තේ ඇති මුළු ගස් ගණන කීය ද?,Addition
මා ළඟ රුපියල් 780 ක් ඇත එයින් රුපියල් 500 ක් යහළුවෙක් ට දුන්නේ ය මා ළඟ ඉතිරි මුදල කොපමණ ද?,Subtraction
වට්ටියක් සුදු මල් 350 ක් ඇත තව රතු මල් 480 ක් ද ඇත වට්ටියේ ඇති මුළු මල් ගණන කීය ද?,Addition
පරිගණක 10 කින් පරිගණක 7 ක් අබලන් වි ඇත අබලන් වි නොමැති පරිගනක ගණන කීය ද?,Subtraction
වතුර ලීටර 17 කට තව වතුර ලීටර 35 ක් එකතු කල විට මුළු වතුර ප්‍රමාණය ලීටර කොපමණ ද?,Addition
පොත් 29 කින් පොත් 2 ක් නැති වුණේ නම් ඉතිරි පොත් ගණන කීය ද?,Subtraction
එක් ගඩොල් ගොඩක ගඩොල් කැට 320 ක් ඇත තවත් ගඩොල් ගොඩක ගඩොල් කැට 450 ක් ඇත මුළු ගඩොල් කැට ගණන කීය ද?,Addition
එක් ගඩොල් ගොඩක ගඩොල් කැට 600 ක් ඇත එයින්  ගඩොල් කැට 200 ක් ඇත විකුණන ලදී ඉතිරි ගඩොල් කැට ගණන කීය ද?,Subtraction
පංතියක පිරිමි ළමයි 3 ක් සිටි ගැහැණු ළමයි 13 ක් සිටි පන්තියේ සිටින මුළු ලමයින් ගනන කීය ද,Addition
නිමල් ළඟ ටෙනිස් බෝල 35 ක් තිබුණි එයින් ටෙනිස් බෝල 10 ක් කමල් ට දෙන ලදී නිමල් ළඟ ඇති ඉතිරි බොල ගණන කීය ද?,Subtraction
බිස්කට් පැකට් 400 ක් ඇති අයකුට තව ත් බිස්කට්  පැකට් 403 ක් ලබා දුන් විට ඔහු ළඟ ඇති මුළු බිස්කට් පැකට් ගණන කීය ද?,Addition
එක්තරා බස් රථයක මගින් 35 ක් සිටියේ ය එක් බස් නැවතුම්පොළ කින් එම බස් රථ යෙන් මගින් 3 නේක් පිටත් ව ගියේ ය බස් රථ යේ සිටින ඉතිරි මගින් ගණන කීය ද?,Subtraction
අකිල ළඟ තිබු රුපියල් 100 ක‍ මුදලින් රුපියල් 10 ක‍ මුදල් නෝට්ටුවක් නැති වි තිබේ අකිල ළඟ ඇති ඉතිරි මුදල කීය ද?,Subtraction
කඩයක මුදලාලි ගෙන් ලබා ගත් භාණ්ඩ වලට රුපියල් 1134 ක් ගෙවීම සදහා අරෝෂ රුපියල් 2000 ක් මුදලාලි ට ලබා දුනි අරෝෂ ට ලැබීය යුතු ඉතිරි මුදල කීය ද?,Subtraction
ගයාන් කොලඹ සිට මාතර දක්වා ගමන් කිරීමට පැය 5 ක් ගත කළේය එතැන් සිට තව පැය 7 ක් වැය කර තංගල්ල ට ගමන් කළේය ගයාන් ට ගමන සදහා වැයවූ මුළු කාළය කොපමණ ද?,Addition
රන්දිමා ක්‍රිකට් තරගාවලිය ක පලමු තරගයේ ලකුණු 37 ක් ලබා ගත්තෙ ය දෙවැනි තරගයේ ලකුණු 10 ක් ලබා ගත්තෙ ය රන්දිමා තරඟාවලි යේ ලබා ගත් මුළු ලකුණු ප්‍රමාණය කොපමණද?,Addition
ලහිරු ළඟ තිබු වතුර බෝතලයක තිබු වතුර ලීටර 6 කින් වතුර ලීටර 4 ක් ඔහු පානය කරන ලදී බෝතලේ ඉතිරි වතුර ප්‍රමාණය ලීටර කිය ද?,Subtraction
රුපියල් 120 ක‍ කිරි පැකට් එකක් ලබා ගැනීමට රුපියල් 500 ක් ලබා දුන් විට ලැබෙන ඉතිරි මුදල කොපමණ ද?,Subtraction
ශේන් තාමගෙ මොටර් රථය සදහා එක් ඉන්ධන පිරවුම් හලකින් පෙට්‍රෝල් ලීටර 52 ක් ලබාගෙන තවත් පිරවුම් හලකින් පෙට්‍රෝල් ලීටර 13 ක් ලබා ගත්තෙ ය ඔහු ලබා ගත් මුළු පෙට්‍රෝල් ප්‍රමාණය ලීටර කිය ද?,Addition
එක්තරා අමතර පංතියක ගැහැණු ලමුන් 342 ක් ද පිරිමි ලමුන් 142 ක් ද සිටි පංතියේ සිටින මුළු ලමුන් ගණන කීය ද?,Addition
මිනිදු ප්‍රශ්න 43 ක් ලියා දෙන ලැබුවේය චතුර ප්‍රශ්න 12 ක් ලියා දෙනු ලැබුවේය ඔවුන් දෙදෙනාම ලියා දුන් මුළු ප්‍රශ්න ගණන කීය ද?,Addition
එක්තරා ආයතනයක පලමු වසර සදහා අයකරනු ලබන මුදල් රුපියල් 312000 කී දෙවන වසර සදහා අය කරණු ලබන මුදල  රුපියල් 765000 කී පලමු දෙවසර අය කරන මුළු මුදල කීය ද?,Addition
එක්තරා සේවාවක් සදහා ගෙවිය යුතු මුළු මුදල රුපියල් 50000 කී එයින් රුපියල් 33000 ක් ගෙවා ඇත ගෙවීමට ඇති ඉතිරි මුදල කොපමණ ද?,Subtraction
කඩයක පොල් ගෙඩි 20 ක් තිබුණේය. එයින් පොල්ගෙඩි 3 ක් විකුණුවේ නම් ඉතිරි පොල් ගෙඩි ගණන කීය ද?,Subtraction
අමර ලඟ අඹගෙඩි 8 ක් තිබුණේය. අමර ඔහුගේ සොහොයුරාට අඹ ගෙඩි 2 ක් දුන්නෙ නම් අමර ලග ඉතිරි අඹ ගෙඩි ගණන කීයද?,Subtraction
පොල් වත්තක පොල් ගස් 18 ක් ඇත. එම පොල් ගස් වලින් පොල් ගස් 3 ක් කපා ඉවත් කරෙනම් පොල්වත්ත තුළ ඇති ඉතිරි පොල් ගස් ගණන කීයද?,Subtraction
පාසලක ළමයි 664 ක් ඇත. එයින් ළමයි 7 දෙනෙක් පාසල හැර ගියේ නම් පාසලෙහි ඉතිරිව ඇති නමුත් ගණන කීය ද?,Subtraction
ගෙදරක ඇති වතුර ටැංකියක වතුර ලීටර් 753 ක් ඇත. ගෙදර මිනිසුන් වතුර ලීටර් 374 ක් පරිහරණය කරේ නම් වතුර ටැංකිය තුල ඉතිරිව ඇති වතුර ලීටර් ගනන කොපමනද?,Subtraction
කඩයක පොල්ගෙඩි 44 ක් තිබුණේය. එයට අලුතින් පොල්ගෙඩි 126 ක් එක් කෙරේ නම් දැන් කඩය තුල ඇති පොල් ගෙඩි ගණන කොපමණද?,Addition
අමර ලඟ අඹ ගෙඩි 5 ක් තිබුනේය. අමරගේ සොහොයුරා අමරට අඹ ගෙඩි 4 ක් ලබා දුන්නේ නම් අමර ලඟ දැන් ඇති අඹ ගෙඩි ගණන කොපමණද?,Addition
පොල් වත්තක පොල් ගස් 69 ක් තිබුණේය. පොල් වත්තෙහි හිමිකරු අලුතින් පොල් ගස් 14 ක් සිට වූයේ නම් දැන් පොල්වත්තේ ඇති පොල් ගස් ගණන කීයද?,Addition
පාසලක ළමයින් 750 ක් ඇත. එයට අලුතින් ළමයින් 30 ක් එකතු වූයේ නම් පාසල තුළ ඇති ළමුන් ගණන කීයද?,Addition
ගෙදරක වතුර ටැංකියේහි වතුර ලීටර් 375 ක් තිබුණේය. එයට අලුතින් වතුර ලීටර් 500 ක් එකතු වූයේ නම් දැන් වතුර ටැංකිය තුල ඇති වතුර ලීටර් ගනන කොපමනද?,Addition
කවිඳුගේ පියා ළඟ රුපියල් 750 ක් තිබුණේය. කවිඳුගේ පියා කවිඳුට රුපියල් 300 ක් දුන්නේ නම් කවිඳුගේ පියා ළඟ ඇති මුදල කීයද ?,Subtraction
කවිඳු ළඟ රුපියල් 1350 ක් තිබුනේය. කවිඳුගේ පියා කවිඳුට රුපියල් 400 ක් ලබා දුන්නේ නම් කවිඳු ලඟ දැන් ඇති මුදල කීයද?,Addition
සුරතල් මත්ස්‍ය ටැංකියක සුරතල් මසුන් 26 ක් සිටියේය. එයින් මසුන් 2 ක් මැරුණේ නම් මත්ස්‍ය ටැංකියේ යි දැන් සිටින මසුන් ගණන කීයක් වේ ද?,Subtraction
සුරතල් මත්ස්‍ය ටැංකියක සුරතල් මසුන් 18 ක් සිටියේය. එයට අලුතින් සුරතල් මසුන් 6 දෙනෙක් එක් කලේ නම් මත්ස්‍ය ටැංකියේ යි දැන් සිටින මසුන් ගණන කීයක් වේ ද?,Addition
මිනිදු ගේ නිවසේ සිට පාසලට ඇති දුර කිලෝ මිටර් 45 කි. මිනිදු පාසල නිමවි කිලෝ මිටර් 26 ක් ඔහුගේ නිවස දෙසට ගොස් ඇතිනම් ඔහුට නිවසට යාමට ඇති ඉතිරි දුර කොපමන ද?,Subtraction
පන්තියක ගැහැනු ළමුන් 23 ක් සහ පිරිමි ළමුන් 18 ක් ඇත. පන්තියෙහි ඇති මුළු ළමුන් ගනණ කොපමනද?,Addition
නිවසක වීදුරු පිඟන් 26 ක් තිබුණේය. එයින් පිඟන් 8 ක් බිඳුනේය දැන් නිවස තුළ ඉතිරිව ඇති පිඟන් ගණන කොපමණද?,Subtraction
නිවසක වීදුරු පිඟන් 7 ක් තිබුණේය. නිවසෙහි අයිතිකරු නිවසට අලූතින් පිඟන් 9 ක් ගෙනාවෙ නම් නිවසෙහි ඇති මුළු පිඟන් ගණන කීයද?,Addition
නිවසක නිල් පාට කෝප්ප 7 ක් සහ රතු පාට කෝප්ප 4 ක් ඇත. නිවසේ ඇති මුළු කෝප්ප ගණන කොපමණ ද?,Addition
අඹ ගසක අඹ ගෙඩි 36 ක් ඇත. එම අඹ ගසින් අඹ ගෙඩි 8 ක් කැඩුවෙ නම් දැන් අඹ ගසෙහි ඇති අඹ ගෙඩි ගණන කොපමණද?,Subtraction
ගෙවත්තක මිරිස් පැළ 6 ක් සහා තක්කාලි පැල 8 ක් ඇත. ගෙවත්තේ ඇති මුළු පැල ගණන කොපමණද?,Addition
මල් පාත්තියක් සෑදීමට ගඩොල් කැට එක්වරක 163 ක් ද තවත් වරෙක ගඩොල් කැට 185 ක් ද ගෙනාවේ ය. මල් පාත්තිය සෑදීමට ගෙනාව ගඩොල් කැට ගණන කොපමණද?,Addition
රඹුටං වෙළෙන්දෙක් ළඟ රඹුටන් ගෙඩි 853 තිබුණේය. එයින් රඹුටං ගෙඩි 343 ක් වික්කෙ නම් වෙළෙඳා ළඟ ඉතිරිව ඇති  රඹුටං ගනන කොපමන ද?,Subtraction
කඩයක පොල් ගෙඩි 35 ක් තිබුණේය. එයින් පොල්ගෙඩි 19 ක් විකුණුවේ නම් ඉතිරි පොල් ගෙඩි ගණන කීය ද?,Subtraction
අමර ලඟ අඹගෙඩි 90 ක් තිබුණේය. අමර ඔහුගේ සොහොයුරාට අඹ ගෙඩි 45 ක් දුන්නෙ නම් අමර ලග ඉතිරි අඹ ගෙඩි ගණන කීයද?,Subtraction
පොල් වත්තක පොල් ගස් 12 ක් ඇත. එම පොල් ගස් වලින් පොල් ගස් 2 ක් කපා ඉවත් කරෙනම් පොල්වත්ත තුළ ඇති ඉතිරි පොල් ගස් ගණන කීයද?,Subtraction
පාසලක ළමයි 30 ක් ඇත. එයින් ළමයි 2 දෙනෙක් පාසල හැර ගියේ නම් පාසලෙහි ඉතිරිව ඇති නමුත් ගණන කීය ද?,Subtraction
ගෙදරක ඇති වතුර ටැංකියක වතුර ලීටර් 345 ක් ඇත. ගෙදර මිනිසුන් වතුර ලීටර් 344 ක් පරිහරණය කරේ නම් වතුර ටැංකිය තුල ඉතිරිව ඇති වතුර ලීටර් ගනන කොපමනද?,Subtraction
කඩයක පොල්ගෙඩි 295 ක් තිබුණේය. එයට අලුතින් පොල්ගෙඩි 34 ක් එක් කෙරේ නම් දැන් කඩය තුල ඇති පොල් ගෙඩි ගණන කොපමණද?,Addition
අමර ලඟ අඹ ගෙඩි 675 ක් තිබුනේය. අමරගේ සොහොයුරා අමරට අඹ ගෙඩි 467 ක් ලබා දුන්නේ නම් අමර ලඟ දැන් ඇති අඹ ගෙඩි ගණන කොපමණද?,Addition
පොල් වත්තක පොල් ගස් 123 ක් තිබුණේය. පොල් වත්තෙහි හිමිකරු අලුතින් පොල් ගස් 97 ක් සිට වූයේ නම් දැන් පොල්වත්තේ ඇති පොල් ගස් ගණන කීයද?,Addition
පාසලක ළමයින් 3500 ක් ඇත. එයට අලුතින් ළමයින් 23 ක් එකතු වූයේ නම් පාසල තුළ ඇති ළමුන් ගණන කීයද?,Addition
ගෙදරක වතුර ටැංකියේහි වතුර ලීටර් 678 ක් තිබුණේය. එයට අලුතින් වතුර ලීටර් 123 ක් එකතු වූයේ නම් දැන් වතුර ටැංකිය තුල ඇති වතුර ලීටර් ගනන කොපමනද?,Addition
කවිඳුගේ පියා ළඟ රුපියල් 7800 ක් තිබුණේය. කවිඳුගේ පියා කවිඳුට රුපියල් 7000 ක් දුන්නේ නම් කවිඳුගේ පියා ළඟ ඇති මුදල කීයද ?,Subtraction
කවිඳු ළඟ රුපියල් 3400 ක් තිබුනේය. කවිඳුගේ පියා කවිඳුට රුපියල් 3000 ක් ලබා දුන්නේ නම් කවිඳු ලඟ දැන් ඇති මුදල කීයද?,Addition
සුරතල් මත්ස්‍ය ටැංකියක සුරතල් මසුන් 40 ක් සිටියේය. එයින් මසුන් 30 ක් මැරුණේ නම් මත්ස්‍ය ටැංකියේ යි දැන් සිටින මසුන් ගණන කීයක් වේ ද?,Subtraction
සුරතල් මත්ස්‍ය ටැංකියක සුරතල් මසුන් 567 ක් සිටියේය. එයට අලුතින් සුරතල් මසුන් 3 දෙනෙක් එක් කලේ නම් මත්ස්‍ය ටැංකියේ යි දැන් සිටින මසුන් ගණන කීයක් වේ ද?,Addition
මිනිදු ගේ නිවසේ සිට පාසලට ඇති දුර කිලෝ මිටර් 23 කි. මිනිදු පාසල නිමවි කිලෝ මිටර් 6 ක් ඔහුගේ නිවස දෙසට ගොස් ඇතිනම් ඔහුට නිවසට යාමට ඇති ඉතිරි දුර කොපමන ද?,Subtraction
පන්තියක ගැහැනු ළමුන් 600 ක් සහ පිරිමි ළමුන් 400 ක් ඇත. පන්තියෙහි ඇති මුළු ළමුන් ගනණ කොපමනද?,Addition
නිවසක වීදුරු පිඟන් 34 ක් තිබුණේය. එයින් පිඟන් 3 ක් බිඳුනේය දැන් නිවස තුළ ඉතිරිව ඇති පිඟන් ගණන කොපමණද?,Subtraction
නිවසක වීදුරු පිඟන් 78 ක් තිබුණේය. නිවසෙහි අයිතිකරු නිවසට අලූතින් පිඟන් 54 ක් ගෙනාවෙ නම් නිවසෙහි ඇති මුළු පිඟන් ගණන කීයද?,Addition
නිවසක නිල් පාට කෝප්ප 67 ක් සහ රතු පාට කෝප්ප 34 ක් ඇත. නිවසේ ඇති මුළු කෝප්ප ගණන කොපමණ ද?,Addition
අඹ ගසක අඹ ගෙඩි 56 ක් ඇත. එම අඹ ගසින් අඹ ගෙඩි 34 ක් කැඩුවෙ නම් දැන් අඹ ගසෙහි ඇති අඹ ගෙඩි ගණන කොපමණද?,Subtraction
ගෙවත්තක මිරිස් පැළ 90 ක් සහා තක්කාලි පැල 78 ක් ඇත. ගෙවත්තේ ඇති මුළු පැල ගණන කොපමණද?,Addition
මල් පාත්තියක් සෑදීමට ගඩොල් කැට එක්වරක 56 ක් ද තවත් වරෙක ගඩොල් කැට 24 ක් ද ගෙනාවේ ය. මල් පාත්තිය සෑදීමට ගෙනාව ගඩොල් කැට ගණන කොපමණද?,Addition
රඹුටං වෙළෙන්දෙක් ළඟ රඹුටන් ගෙඩි 200 තිබුණේය. එයින් රඹුටං ගෙඩි 180 ක් වික්කෙ නම් වෙළෙඳා ළඟ ඉතිරිව ඇති  රඹුටං ගනන කොපමන ද?,Subtraction
කණුවක බැලූන් බෝල 3 ක බැගින් බැලූන් බෝල 900 ක් ගැට ගැසීමට අවශ්‍ය කණු ගණන කීය ද?,Division
බිස්කට් 600 ක් ඇත. ළමයෙකුට බිස්කට් 3 බැගින් ළමයි කී දෙනෙකුට ලබා දිය හැකි ද?,Division
මීටර 120 ක් දිග කම්බියක් ඇත. සමාන කැබලි 3 බැගින් කැබලි කොපමණ ප්‍රමාණයක් කැපිය හැකි ද?,Division
මීටර 90 ක් දිග ඉටි රෙද්දක් ඇත. මේසවලට දැමීම සදහා සමාන දිගින් යුතු කැබලි 3 බැගින් කැබලි කොපමණ ප්‍රමාණයක් කැපිය හැකි ද?,Division
පැන්සල් 300 ක් ඇත. ළමයෙකුට පැන්සල් 3 බැගින් ළමයි කී දෙනෙකුට ලබා දිය හැකි ද?,Division
යෝගට් 600 ක් ඇත. යෝගට් 3 බැගින් වූ ඇසුරුම් කොපමණ සංඛ්‍යාවක් සෑදිය හැකි ද?,Division
කෙසෙල් ගෙඩි 1200 ක් ඇත. කෙසෙල් ගෙඩි 3 ක් බැගින් වෙන් කලහොත් එසේ වෙන් කළ හැකි කොටස් ගණන කීයද?,Division
පොත් 600 ක් ඇත. අයකුට පොත් 2 බැගින් කී දෙනෙකුට ලබා දිය හැකි ද?,Division
බෝල 450  ක් ඇත. බෝල 3 ක් බැගින් වෙන් කල හැකි කොටස් ගණන කීයද?,Division
අඹ ගෙඩි 1600 ක් ඇත. අඹ ගෙඩි 4 බැගින් පෙට්ටි වලට වෙන් කලහොත් එසේ වෙන් කළ හැකි පෙට්ටි ගණන කීයද?,Division
උත්සව ශාලාවක ඇති පුටු 160 ක් ඇත. මේසයකට පුටු 4 බැගින් මේස කීයක් තැබිය හැකි ද?,Division
අයිස් ක්‍රීම් 600 ක් ඇත. ළමයෙකුට අයිස් ක්‍රීම් 3 බැගින් ළමයි කී දෙනෙකුට ලබා දිය හැකි ද?,Division
පෑන් 300 ක් ඇත. ළමයෙකුට පෑන් 3 බැගින් ළමයි කී දෙනෙකුට ලබා දිය හැකි ද?,Division
ඇපල් ගෙඩි 1200 ක් ඇත. ඇපල් ගෙඩි 3 ක් බැගින් වෙන් කලහොත් එසේ වෙන් කළ හැකි කොටස් ගණන කීයද?,Division
අන්නාසි ගෙඩි 1200 ක් ඇත. අන්නාසි ගෙඩි 3 ක් බැගින් වෙන් කලහොත් එසේ වෙන් කළ හැකි කොටස් ගණන කීයද?,Division
මීටර 90 ක් දිග ලියක් ඇත. සමාන කැබලි 2 බැගින් කැබලි කොපමණ ප්‍රමාණයක් කැපිය හැකි ද?,Division
පොත් 600 ක් සමානව පන්ති 4 කට බෙදූ විට එක් පන්තියකට පොත් කීයක් ලැබේ ද?,Division
පොත් 96 ක් එක් අයකුට 3 බැගින් කී දෙනෙකුට ලබා දිය හැකි ද?,Division
ශාලාවක් සැරසීමට බැලූම් බෝල 416 ක් ලබා දී ඇත. බැලූම් බෝල 4 බැගින් පොකුරු කීයක් සෑදිය හැකි ද?,Division
කොඩි 100 කින් කොඩි වැල් 5 ක් සැකසිය යුතු වේ. එක් කොඩි වැලක තිබිය යුතු කොඩි ගණන කීය ද?,Division
පුටු 330 ක් කාමර 3 ක සමාන ප‍්‍රමාණවලින් තබා ඇත. එක් කාමරයක තබා ඇති පුටු ගණන කීය ද?,Division
කූඩයක නාරං ගෙඩි 4 ක් ඇත. එවැනි කූඩ 3 ඇති මුළු නාරං ගෙඩි ගණන කීය ද?,Multiplication
එක් පෙට්ටියක පැන්සල් 3 ක් තිබේ. එවැනි පෙට්ටි 4 ඇති මුළු පැන්සල් ගණන කොපමණ ද?,Multiplication
පෑනක මිල රුපියල් 15 කි. එවැනි පෑන් 4 ක මිල කොපමණ ද?,Multiplication
මකනයක  මිල රුපියල් 25 කි. පොතක මිල මකනයක මිල මෙන් 3 ගුණයක්. පොතක මිල කොපමණ ද?,Multiplication
සුමුදුගේ දැන් වයස අවුරුදු 7 කි. ඇගේ අක්කාගේ දැන් වයස සුමුදුගේ දැන් වයස මෙන් 3 ගුණයක්. අක්කාගේ දැන් වයස කීය ද?,Multiplication
බස් රථයක මගීන් 54 දෙනෙකුට ගමන් කළ හැකි ය. එවැනි බස් රථ 54 ක ගමන් කළ හැකි මුළු මගීන් සංඛ්‍යාව කොපමණ ද?,Multiplication
පෙළකට පුටු 14 ක් තබා ඇත. එවැනි පේළි 110 ක ඇති මුළු පුටු ගණන කීය ද?,Multiplication
ගොඩක ගඩොල් කැට 490 ක් තිබේ. එවැනි ගොඩවල් 4 ක ඇත ගඩොල් ප‍්‍රමාණය කොපමණ ද?,Multiplication
සහල් මල්ලක බර කිලෝග්‍රෑම් 6 කි. ලූනු  මල්ලක බර සහල් මල්ලක බර මෙන් 3 ගුණයක්. ලූනු  මල්ලක බර කොපමණ ද?,Multiplication
මේසයක පළල මීටර 5 ක් වේ. එහි දිග පළල මෙන් 3 ගුණයකි.  මේසයේ දිග කොපමණ ද?,Multiplication
පොත් තොගයක් පාසල් 4 ක් අතර සමානව බෙදූ විට එක් පාසලකට පොත් 400 ක් ලැබුණි. බෙදා දුන් මුළු පොත් සංඛ්‍යාව කීය ද?,Multiplication
අයිස් ක්‍රීම් 400 ක් ඇත. ළමයෙකුට අයිස් ක්‍රීම් 2 බැගින් ළමයි කී දෙනෙකුට ලබා දිය හැකි ද?,Division
පෑන් 360 ක් ඇත. ළමයෙකුට පෑන් 4 බැගින් ළමයි කී දෙනෙකුට ලබා දිය හැකි ද?,Division
ඇපල් ගෙඩි 1000 ක් ඇත. ඇපල් ගෙඩි 5 ක් බැගින් වෙන් කලහොත් එසේ වෙන් කළ හැකි කොටස් ගණන කීයද?,Division
අන්නාසි ගෙඩි 1400 ක් ඇත. අන්නාසි ගෙඩි 4 ක් බැගින් වෙන් කලහොත් එසේ වෙන් කළ හැකි කොටස් ගණන කීයද?,Division
මීටර 80 ක් දිග ලියක් ඇත. සමාන කැබලි 4 බැගින් කැබලි කොපමණ ප්‍රමාණයක් කැපිය හැකි ද?,Division
ගඩොල් ගොඩක ගඩොල් කැට 1600 ක් තිබේ නම් ගොඩවල් 8 ක ඇති ගඩොල් ප‍්‍රමාණය කොපමණ ද?,Multiplication
ගුවන් යානාවක් එක්තරා ගමනක් සදහා තෙල් ලීටර 3000 ක් භාවිතා කරයි. එවැනි ගමන් 25 ක් යාමට අවශ්‍ය තෙල් ප්‍රමාණය කොපමණද?,Multiplication
මහින්ද වසරකට ඩොලර් මිලියන 4000 ක් වංචා කරන ලදී. එසේ වසර 2 ක් තුළ වංචා කරන ලද මුළු මුදල කීයද?,Multiplication
ගාල්ල ක්‍රීඩාංගණයක් නවිකරණය කිරීම කියා රුපියල් කෝටි 4 ක් වංචා කරන ලදී. එසේ ක්‍රීඩාගාර 5 ක් නවිකරණය කරන ලද්දේ නම් වංචා කරන ලද මුළු මුදල කොපමණද?,Multiplication
ලොරි රථයක මගීන් 100 දෙනෙකුට ගමන් කළ හැකි ය. එවැනි ලොරි රථ 25 ක ගමන් කළ හැකි මුළු මගීන් සංඛ්‍යාව කොපමණ ද?,Multiplication
හැන්දක මිල රුපියල් 45 කි. එවැනි හැදි 8 ක මිල කොපමණ ද?,Multiplication
අල මල්ලක බර කිලෝග්‍රෑම් 8 කි. ලූනු  මල්ලක බර අල මල්ලක බර මෙන් 3 ගුණයකි. ලූනු  මල්ලක බර කොපමණ ද?,Multiplication
කූඩයක අඹ ගෙඩි 10 ක් ඇත. එවැනි කූඩ 15 ඇති මුළු නාරං ගෙඩි ගණන කීය ද?,Multiplication
බෝතලයක මිල රුපියල් 200 කි. එවැනි බෝතල් 3 ක මිල කොපමණ ද?,Multiplication
බිස්කට් පැකට් එකක මිල රුපියල් 100 කි. සබන් කැටයක මිල බිස්කට් පැකට් එකක මිල මෙන් 3 ගුණයකි. සබන් කැටයක මිල කීයද?,Multiplication
පොත් 300 ක් සමානව පන්ති 15 කට බෙදූ විට එක් පන්තියකට පොත් කීයක් ලැබේ ද?,Division
පොත් 800 ක් එක් අයකුට 4 බැගින් කී දෙනෙකුට ලබා දිය හැකි ද?,Division
පේර ගෙඩි 60 කින් 3 න් පංගු 1 ක පේර ගෙඩි  ගණන කීයද?,Division
අඹ ගෙඩි 27 කින් 3 න් පංගු 2 ක අඹ ගෙඩි  ගණන කීයද?,Division
උත්සව ශාලාවක ඇති පුටු 500 ක් ඇත. මේසයකට පුටු 5 බැගින් මේස කීයක් තැබිය හැකි ද?,Division
මාරි බිස්කට් පැකට් එකක මිල රුපියල් 120 කි. පෙට්‍රෝල් ලීටර එකක මිල මාරි බිස්කට් පැකට් එකක මිල මෙන් 5 ගුණයකි. පෙට්‍රෝල් ලීටරයක මිල කීයද?,Multiplication
පාර්ලිමේන්තුවක මිනිසුන් 225 ක් සිටි. එවැනි පාර්ලිමේන්තු 10 ක සිටින මුළු මිනිසුන් ගණන කීයද?,Multiplication
එක් බදුනකට මානෙල් මල් 180 ක් දමා ඇත. එවැනි බදුන් 3 ක් ඇත. එම බදුන් තුනෙහි ඇති මුළු මානෙල් මල් සංඛ්‍යාව කීය ද?,Multiplication
එක් බදුනකට සුදු මල් 40 ක් දමා ඇත. එවැනි බදුන් 6 ක් ඇත. එම බදුන් තුනෙහි ඇති මුළු සුදු මල් සංඛ්‍යාව කීය ද?,Multiplication
සහල් මල්ලක බර කිලෝග්‍රෑම් 10 කි. ලූනු  මල්ලක බර සහල් මල්ලක බර මෙන් 3 ගුණයක්. ලූනු  මල්ලක බර කොපමණ ද?,Multiplication
බස් රථයක මගීන් 100 දෙනෙකුට ගමන් කළ හැකි ය. එවැනි බස් රථ 25 ක ගමන් කළ හැකි මුළු මගීන් සංඛ්‍යාව කොපමණ ද?,Multiplication
චොකලට් බිස්කට් පැකට් එකක මිල රුපියල් 150 කි. සබන් කැටයක මිල චොකලට් බිස්කට් පැකට් එකක මිල මෙන් 2 ගුණයකි. සබන් කැටයක මිල කීයද?,Multiplication
භාජනයක මිල රුපියල් 250 කි. එවැනි භාජනයක 3 ක මිල කොපමණ ද?,Multiplication
ඇඩම් ගණිතය පන්තියේ පරීක්ෂණයෙන් ලකුණු 32 ක් සහ විද්‍යා පන්තියේ පරීක්ෂණයෙන් ලකුණු 44 ක් ලබා ගත්තේය ඇඩම් ටෙස්ට් දෙකේදීම ලකුණු කීයක් ලබා ගත්තාද?,Addition
කහ තොප්පි 20 ක් සහ නිල් තොප්පි 35 ක් තිබුණා මුලු තොප්පි කීයක් තිබ්බද?,Addition
"ටිම්ගේ මාළු ටැංකියේ ගල් 12 ක් තියෙනවා. ඔහු තව 7 ක් එකතු කළහොත්, මුළු ගල් කීයක් තිබේද?",Addition
පෙට්ටියක පැන්සල් 10 ක් සහ පැන්සල් රඳවනයක පැන්සල් 20 ක් ඇත. ඔක්කොම පැන්සල් කීයක් තියෙනවද?,Addition
වඩු කාර්මිකයෙකු වූ ස්ටීව් පුටු 30 ක් සහ මේස 45 ක් සෑදුවා. ඔහු ගෘහ භාණ්ඩ කීයක් සෑදුවාද?,Addition
කවිඳු මාළු කෑලි 29ක් අධිශීතකරණයේ ගොඩගසා තිබුණා. ඔහු මේවායින් 10ක් පවුලේ රාත්‍රී ආහාරය සඳහා පිසුවාය. ශීතකරණයේ කෑලි කීයක් ඉතිරි වේද?,Subtraction
කේට් ඇපල් 184 ක් මිලදී ගත් අතර එයින් 43 ක් කුණු වී ඇත ඇපල් කීයක් හොඳද?,Subtraction
පළතුරු වෙළෙන්දෙකුට ඇපල් 148 ක් තිබුණා. ඔහු එයින් ඇපල් 67 ක් විකුණුවා ඔහු සමඟ ඇපල් කීයක් තිබුණාද?,Subtraction
"බෙලා ඇගේ සුරතල් බල්ලන් සහ බළලුන් සඳහා ආහාර කෑන් 48 ක් මිලදී ගත්තාය. ටින් 13 ක් බළලුන්ගේ ආහාර නම්, ඇය බලු කෑම කෑන් කීයක් මිලදී ගත්තාද?",Subtraction
රොන් පරීක්ෂණයෙන් ලකුණු 78 ක් ලබා ගන්නා අතර ඔහුගේ සහෝදරයා ලකුණු 64 ක් ලබා ගනී රොන් අයියාට වඩා ලකුණු කීයක් ගන්නවද?,Subtraction
ඇඩම් ගණිතය පන්තියේ පරීක්ෂණයෙන් ලකුණු 75 ක් සහ විද්‍යා පන්තියේ පරීක්ෂණයෙන් ලකුණු 65 ක් ලබා ගත්තේය ඇඩම් ටෙස්ට් දෙකේදීම ලකුණු කීයක් ලබා ගත්තාද?,Addition
කහ තොප්පි 23 ක් සහ නිල් තොප්පි 45 ක් තිබුණා මුලු තොප්පි කීයක් තිබ්බද?,Addition
"ටිම්ගේ මාළු ටැංකියේ ගල් 52 ක් තියෙනවා. ඔහු තව 27 ක් එකතු කළහොත්, මුළු ගල් කීයක් තිබේද?",Addition
පෙට්ටියක පැන්සල් 20 ක් සහ පැන්සල් රඳවනයක පැන්සල් 19 ක් ඇත. ඔක්කොම පැන්සල් කීයක් තියෙනවද?,Addition
වඩු කාර්මිකයෙකු වූ ස්ටීව් පුටු 70 ක් සහ මේස 95 ක් සෑදුවා. ඔහු ගෘහ භාණ්ඩ කීයක් සෑදුවාද?,Addition
කවිඳු මාළු කෑලි 49ක් අධිශීතකරණයේ ගොඩගසා තිබුණා. ඔහු මේවායින් 23ක් පවුලේ රාත්‍රී ආහාරය සඳහා පිසුවාය. ශීතකරණයේ කෑලි කීයක් ඉතිරි වේද?,Subtraction
කේට් ඇපල් 34 ක් මිලදී ගත් අතර එයින් 23 ක් කුණු වී ඇත ඇපල් කීයක් හොඳද?,Subtraction
පළතුරු වෙළෙන්දෙකුට ඇපල් 158 ක් තිබුණා. ඔහු එයින් ඇපල් 87 ක් විකුණුවා ඔහු සමඟ ඇපල් කීයක් තිබුණාද?,Subtraction
"බෙලා ඇගේ සුරතල් බල්ලන් සහ බළලුන් සඳහා ආහාර කෑන් 68 ක් මිලදී ගත්තාය. ටින් 43 ක් බළලුන්ගේ ආහාර නම්, ඇය බලු කෑම කෑන් කීයක් මිලදී ගත්තාද?",Subtraction
රොන් පරීක්ෂණයෙන් ලකුණු 88 ක් ලබා ගන්නා අතර ඔහුගේ සහෝදරයා ලකුණු 76 ක් ලබා ගනී රොන් අයියාට වඩා ලකුණු කීයක් ගන්නවද?,Subtraction
ඇඩම් ගණිතය පන්තියේ පරීක්ෂණයෙන් ලකුණු 78 ක් සහ විද්‍යා පන්තියේ පරීක්ෂණයෙන් ලකුණු 65 ක් ලබා ගත්තේය ඇඩම් ටෙස්ට් දෙකේදීම ලකුණු කීයක් ලබා ගත්තාද?,Addition
කහ තොප්පි 37 ක් සහ නිල් තොප්පි 25 ක් තිබුණා මුලු තොප්පි කීයක් තිබ්බද?,Addition
පාසලේ උත්සවයකදී යුවනි පළමු දිනයේ නාට්‍යයක් සඳහා ප්‍රවේශපත්‍ර 160 ක් විකුණුවා ඇය දෙවැනි දිනයේ ටිකට් 139 ක් අලෙවි කළාය ඇය දින දෙකේම ටිකට් කීයක් විකුණුවාද?,Addition
යසිඳුට මුද්දර 12 ක් තිබුණා අම්මා තව 22 ක් දුන්නා යසිඳු සතුව මුද්දර කීයක් තිබේද?,Addition
වත්තක අඹ ගස් 33 ක් සහ පොල් ගස් 96 ක් ඇත මුළු ගස් කීයක් තිබේද?,Addition
කුරුල්ලන් 143 දෙනෙක් ගසක් මත වාඩි වී සිටිති. කුරුල්ලන් 72 දෙනෙක් ඉවතට පියාසර කරති දැන් ගහේ කුරුල්ලෝ කී දෙනෙක් ඉන්නවද?,Subtraction
කේට් ඇපල් 54 ක් මිලදී ගත් අතර එයින් 36 ක් කුණු වී ඇත ඇපල් කීයක් හොඳද?,Subtraction
පළතුරු වෙළෙන්දෙකුට ඇපල් 436 ක් තිබුණා. ඔහු එයින් ඇපල් 252 ක් විකුණුවා ඔහු සමඟ ඇපල් කීයක් තිබුණාද?,Subtraction
රේචල්ට කිකිළියන් 109 ක් සිටින අතර ඇය තම සහෝදරියට කිකිළියන් 82 ක් ලබා දෙයි ඇයට දැන් කිකිළියන් කී දෙනෙක් සිටීද?,Subtraction
රොන් පරීක්ෂණයෙන් ලකුණු 89 ක් ලබා ගන්නා අතර ඔහුගේ සහෝදරයා ලකුණු 56 ක් ලබා ගනී රොන් අයියාට වඩා ලකුණු කීයක් ගන්නවද?,Subtraction
ඇඩම් ගණිතය පන්තියේ පරීක්ෂණයෙන් ලකුණු 78 ක් සහ විද්‍යා පන්තියේ පරීක්ෂණයෙන් ලකුණු 87 ක් ලබා ගත්තේය ඇඩම් ටෙස්ට් දෙකේදීම ලකුණු කීයක් ලබා ගත්තාද?,Addition
කහ තොප්පි 45 ක් සහ නිල් තොප්පි 54 ක් තිබුණා මුලු තොප්පි කීයක් තිබ්බද?,Addition
පාසලේ උත්සවයකදී යුවනි පළමු දිනයේ නාට්‍යයක් සඳහා ප්‍රවේශපත්‍ර 180 ක් විකුණුවා ඇය දෙවැනි දිනයේ ටිකට් 179 ක් අලෙවි කළාය ඇය දින දෙකේම ටිකට් කීයක් විකුණුවාද?,Addition
යසිඳුට මුද්දර 15 ක් තිබුණා අම්මා තව 14 ක් දුන්නා යසිඳු සතුව මුද්දර කීයක් තිබේද?,Addition
වත්තක අඹ ගස් 48 ක් සහ පොල් ගස් 32 ක් ඇත මුළු ගස් කීයක් තිබේද?,Addition
කුරුල්ලන් 159 දෙනෙක් ගසක් මත වාඩි වී සිටිති. කුරුල්ලන් 52 දෙනෙක් ඉවතට පියාසර කරති දැන් ගහේ කුරුල්ලෝ කී දෙනෙක් ඉන්නවද?,Subtraction
කේට් ඇපල් 84 ක් මිලදී ගත් අතර එයින් 32 ක් නරක් වී ඇත ඇපල් කීයක් හොඳද?,Subtraction
පළතුරු වෙළෙන්දෙකුට ඇපල් 538 ක් තිබුණා. ඔහු එයින් ඇපල් 355 ක් විකුණුවා ඔහු සමඟ ඇපල් කීයක් තිබුණාද?,Subtraction
රේචල්ට කිකිළියන් 123 ක් සිටින අතර ඇය තම සහෝදරියට කිකිළියන් 49 ක් ලබා දෙයි ඇයට දැන් කිකිළියන් කී දෙනෙක් සිටීද?,Subtraction
රොන් පරීක්ෂණයෙන් ලකුණු 96 ක් ලබා ගන්නා අතර ඔහුගේ සහෝදරයා ලකුණු 85 ක් ලබා ගනී රොන් අයියාට වඩා ලකුණු කීයක් ගන්නවද?,Subtraction
ඇඩම් ගණිතය පන්තියේ පරීක්ෂණයෙන් ලකුණු 82 ක් සහ විද්‍යා පන්තියේ පරීක්ෂණයෙන් ලකුණු 76 ක් ලබා ගත්තේය ඇඩම් ටෙස්ට් දෙකේදීම ලකුණු කීයක් ලබා ගත්තාද?,Addition
කහ තොප්පි 6 ක් සහ නිල් තොප්පි 6 ක් තිබුණා මුලු තොප්පි කීයක් තිබ්බද?,Addition
පාසලේ උත්සවයකදී යුවනි පළමු දිනයේ නාට්‍යයක් සඳහා ප්‍රවේශපත්‍ර 460 ක් විකුණුවා ඇය දෙවැනි දිනයේ ටිකට් 256 ක් අලෙවි කළාය ඇය දින දෙකේම ටිකට් කීයක් විකුණුවාද?,Addition
යසිඳුට මුද්දර 35 ක් තිබුණා අම්මා තව 14 ක් දුන්නා යසිඳු සතුව මුද්දර කීයක් තිබේද?,Addition
වත්තක අඹ ගස් 53 ක් සහ පොල් ගස් 78 ක් ඇත මුළු ගස් කීයක් තිබේද?,Addition
කුරුල්ලන් 163 දෙනෙක් ගසක් මත වාඩි වී සිටිති. කුරුල්ලන් 75 දෙනෙක් ඉවතට පියාසර කරති දැන් ගහේ කුරුල්ලෝ කී දෙනෙක් ඉන්නවද?,Subtraction
ජස්ටින් සතුව බේස්බෝල් කාඩ්පත් 28 ක් ඇත. ඔහු තම සහෝදරයාට කාඩ්පත් 12 ක් ලබා දෙයි. ජස්ටින් සමඟ කාඩ්පත් කීයක් ඉතිරිව තිබේද?,Subtraction
පළතුරු වෙළෙන්දෙකුට ඇපල් 58 ක් තිබුණා. ඔහු එයින් ඇපල් 35 ක් විකුණුවා ඔහු සමඟ ඇපල් කීයක් තිබුණාද?,Subtraction
රේචල්ට කිකිළියන් 132 ක් සිටින අතර ඇය තම සහෝදරියට කිකිළියන් 94 ක් ලබා දෙයි ඇයට දැන් කිකිළියන් කී දෙනෙක් සිටීද?,Subtraction
ලුවී සතුව මුද්දර 24 ක් ඇත. ඔහු තම සහෝදරයාට මුද්දර 7 ක් ලබා දෙයි. ලුවී සමඟ මුද්දර කීයක් ඉතිරිව තිබේද?,Subtraction
ඇඩම් ගණිතය පන්තියේ පරීක්ෂණයෙන් ලකුණු 92 ක් සහ විද්‍යා පන්තියේ පරීක්ෂණයෙන් ලකුණු 96 ක් ලබා ගත්තේය ඇඩම් ටෙස්ට් දෙකේදීම ලකුණු කීයක් ලබා ගත්තාද?,Addition
කහ තොප්පි 77 ක් සහ නිල් තොප්පි 25 ක් තිබුණා මුලු තොප්පි කීයක් තිබ්බද?,Addition
පාසලේ උත්සවයකදී යුවනි පළමු දිනයේ නාට්‍යයක් සඳහා ප්‍රවේශපත්‍ර 560 ක් විකුණුවා ඇය දෙවැනි දිනයේ ටිකට් 356 ක් අලෙවි කළාය ඇය දින දෙකේම ටිකට් කීයක් විකුණුවාද?,Addition
යසිඳුට මුද්දර 48 ක් තිබුණා අම්මා තව 60 ක් දුන්නා යසිඳු සතුව මුද්දර කීයක් තිබේද?,Addition
වත්තක අඹ ගස් 54 ක් සහ පොල් ගස් 87 ක් ඇත මුළු ගස් කීයක් තිබේද?,Addition
කුරුල්ලන් 243 දෙනෙක් ගසක් මත වාඩි වී සිටිති. කුරුල්ලන් 57 දෙනෙක් ඉවතට පියාසර කරති දැන් ගහේ කුරුල්ලෝ කී දෙනෙක් ඉන්නවද?,Subtraction
ජස්ටින් සතුව බේස්බෝල් කාඩ්පත් 48 ක් ඇත. ඔහු තම සහෝදරයාට කාඩ්පත් 26 ක් ලබා දෙයි. ජස්ටින් සමඟ කාඩ්පත් කීයක් ඉතිරිව තිබේද?,Subtraction
පළතුරු වෙළෙන්දෙකුට ඇපල් 98 ක් තිබුණා. ඔහු එයින් ඇපල් 55 ක් විකුණුවා ඔහු සමඟ ඇපල් කීයක් තිබුණාද?,Subtraction
රේචල්ට කිකිළියන් 133 ක් සිටින අතර ඇය තම සහෝදරියට කිකිළියන් 79 ක් ලබා දෙයි ඇයට දැන් කිකිළියන් කී දෙනෙක් සිටීද?,Subtraction
ලුවී සතුව මුද්දර 72 ක් ඇත. ඔහු තම සහෝදරයාට මුද්දර 67 ක් ලබා දෙයි. ලුවී සමඟ මුද්දර කීයක් ඉතිරිව තිබේද?,Subtraction
ඇලිස් ඇගේ යහළුවන් සඳහා ඉස්සෝ වඩේ 20 ක් සහ පරිප්පු වඩේ 25 ක් මිලදී ගත්තාය. ඇය මිලදී ගත් වඩේ ගණන කීයද?,Addition
කෙලී පිහාටු 29ක් එකතු කළ අතර ඩේසි පිහාටු 14ක් එකතු කළා. කෙලී සහ ඩේසි පිහාටු කීයක් එකතු කළාද?,Addition
පාසලේ උත්සවයකදී යුවනි පළමු දිනයේ නාට්‍යයක් සඳහා ප්‍රවේශපත්‍ර 87 ක් විකුණුවා ඇය දෙවැනි දිනයේ ටිකට් 84 ක් අලෙවි කළාය ඇය දින දෙකේම ටිකට් කීයක් විකුණුවාද?,Addition
යසිඳුට මුද්දර 5 ක් තිබුණා අම්මා තව 20 ක් දුන්නා යසිඳු සතුව මුද්දර කීයක් තිබේද?,Addition
වත්තක අඹ ගස් 73 ක් සහ පොල් ගස් 56 ක් ඇත මුළු ගස් කීයක් තිබේද?,Addition
කුරුල්ලන් 53 දෙනෙක් ගසක් මත වාඩි වී සිටිති. කුරුල්ලන් 21 දෙනෙක් ඉවතට පියාසර කරති දැන් ගහේ කුරුල්ලෝ කී දෙනෙක් ඉන්නවද?,Subtraction
ජස්ටින් සතුව බේස්බෝල් කාඩ්පත් 98 ක් ඇත. ඔහු තම සහෝදරයාට කාඩ්පත් 36 ක් ලබා දෙයි. ජස්ටින් සමඟ කාඩ්පත් කීයක් ඉතිරිව තිබේද?,Subtraction
පාපන්දු තරඟයකදී නිල් කණ්ඩායම ලකුණු 28ක් සහ රතු කණ්ඩායම ලකුණු 39ක් ලබා ගත්තා. රතු කණ්ඩායම නිල් කණ්ඩායම පරාජය කළේ ලකුණු කීයකින්ද?,Subtraction
රේචල්ට කිකිළියන් 39 ක් සිටින අතර ඇය තම සහෝදරියට කිකිළියන් 12 ක් ලබා දෙයි ඇයට දැන් කිකිළියන් කී දෙනෙක් සිටීද?,Subtraction
සරුංගල් තරඟයක් සඳහා ළමුන් 27 දෙනෙකුගෙන් යුත් කණ්ඩායමක් සහභාගී විය. ඔවුන්ගෙන් 20 ක් ගැහැණු ළමයින් නම් පිරිමි ළමයින් කී දෙනෙක් සහභාගී වූවාද?,Subtraction
ඇලිස් ඇගේ යහළුවන් සඳහා ඉස්සෝ වඩේ 30 ක් සහ පරිප්පු වඩේ 30 ක් මිලදී ගත්තාය. ඇය මිලදී ගත් වඩේ ගණන කීයද?,Addition
කෙලී පිහාටු 32 ක් එකතු කළ අතර ඩේසි පිහාටු 23 ක් එකතු කළා. කෙලී සහ ඩේසි පිහාටු කීයක් එකතු කළාද?,Addition
පාසලේ උත්සවයකදී යුවනි පළමු දිනයේ නාට්‍යයක් සඳහා ප්‍රවේශපත්‍ර 90 ක් විකුණුවා ඇය දෙවැනි දිනයේ ටිකට් 69 ක් අලෙවි කළාය ඇය දින දෙකේම ටිකට් කීයක් විකුණුවාද?,Addition
යසිඳුට මුද්දර 5 ක් තිබුණා අම්මා තව 4 ක් දුන්නා යසිඳු සතුව මුද්දර කීයක් තිබේද?,Addition
වත්තක අඹ ගස් 93 ක් සහ පොල් ගස් 56 ක් ඇත මුළු ගස් කීයක් තිබේද?,Addition
කුරුල්ලන් 63 දෙනෙක් ගසක් මත වාඩි වී සිටිති. කුරුල්ලන් 11 දෙනෙක් ඉවතට පියාසර කරති දැන් ගහේ කුරුල්ලෝ කී දෙනෙක් ඉන්නවද?,Subtraction
ජස්ටින් සතුව බේස්බෝල් කාඩ්පත් 98 ක් ඇත. ඔහු තම සහෝදරයාට කාඩ්පත් 36 ක් ලබා දෙයි. ජස්ටින් සමඟ කාඩ්පත් කීයක් ඉතිරිව තිබේද?,Subtraction
පාපන්දු තරඟයකදී නිල් කණ්ඩායම ලකුණු 38ක් සහ රතු කණ්ඩායම ලකුණු 49ක් ලබා ගත්තා. රතු කණ්ඩායම නිල් කණ්ඩායම පරාජය කළේ ලකුණු කීයකින්ද?,Subtraction
රේචල්ට කිකිළියන් 49 ක් සිටින අතර ඇය තම සහෝදරියට කිකිළියන් 12 ක් ලබා දෙයි ඇයට දැන් කිකිළියන් කී දෙනෙක් සිටීද?,Subtraction
සරුංගල් තරඟයක් සඳහා ළමුන් 57 දෙනෙකුගෙන් යුත් කණ්ඩායමක් සහභාගී විය. ඔවුන්ගෙන් 24 ක් ගැහැණු ළමයින් නම් පිරිමි ළමයින් කී දෙනෙක් සහභාගී වූවාද?,Subtraction
ඔලිවියා ඇපල් පයි 38 ක් සහ වට්ටක්කා පයි 17 ක් පුළුස්සා ඇත. ඇය පයි කීයක් පිසූවාද?,Addition
ගැහැණු ළමයින් 43 ක් සහ පිරිමි ළමයින් 76 ක් අරමුදල් රැස්කිරීමේ උත්සවයකට උදව් කිරීමට ස්වේච්ඡාවෙන් ඉදිරිපත් වෙති. අරමුදල් රැස්කිරීමේදී දරුවන් කී දෙනෙක් ස්වේච්ඡාවෙන් ඉදිරිපත් වෙනවාද?,Addition
පිරිමි ළමයින් 39 ක් සහ ගැහැණු ළමයින් 43 ක් ලිවීමේ තරඟයකට සහභාගී වූහ. තරඟයට ළමයින් කී දෙනෙක් සම්පූර්ණයෙන් සහභාගී වුණාද?,Addition
ලිපි ද්‍රව්‍ය ගබඩාවක රතු තීන්ත කෑන් 54 ක් සහ කහ තීන්ත කෑන් 76 ක් ඇත. තීන්ත කෑන් කීයක් තොගයේ තිබේද?,Addition
වාහන නැවැත්වීමේ ස්ථානයේ කාර් 23 ක් සහ ට්රක් රථ 32 ක් ඇත. ඔක්කොම වාහන කීයක් තියෙනවද?,Addition
කේට් ඇපල් 124 ක් මිලදී ගත් අතර එයින් 62 ක් නරක් වී ඇත ඇපල් කීයක් හොඳද?,Subtraction
"ටේලර් විසින් අතින් සාදන ලද භාණ්ඩ 45 ක් දේශීය ප්‍රදර්ශනයේ ප්‍රදර්ශනය කර තිබුණි. විකිණීමෙන් පසු ඉතිරිව ඇත්තේ කෑලි 9 ක් පමණක් නම්, ටේලර් විසින් අත්කම් භාණ්ඩ කීයක් විකුණුවාද?",Subtraction
පැසිපන්දු තරගයකදී ගෝඨා පිල ලකුණු 30 ක්ද රනිල් පිල ලකුණු 45 ක්ද ලබා ගත්හ. රනිල් පිල ගෝඨා පිල පරාජය කළේ ලකුණු කීයකින්ද?,Subtraction
රොන් පරීක්ෂණයෙන් ලකුණු 38 ක් ලබා ගන්නා අතර ඔහුගේ සහෝදරයා ලකුණු 16 ක් ලබා ගනී රොන් අයියාට වඩා ලකුණු කීයක් ගන්නවද?,Subtraction
ළමයින් 34 දෙනෙකුගෙන් යුත් කණ්ඩායමක් රචනා තරඟයකට සහභාගී විය. ඔවුන්ගෙන් 21 ක් ගැහැණු ළමයින් නම් පිරිමි ළමයින් කී දෙනෙක් සහභාගී වූවාද?,Subtraction
ඔලිවියා ඇපල් පයි 68 ක් සහ වට්ටක්කා පයි 65 ක් පුළුස්සා ඇත. ඇය පයි කීයක් පිසූවාද?,Addition
ගැහැණු ළමයින් 51 ක් සහ පිරිමි ළමයින් 89 ක් අරමුදල් රැස්කිරීමේ උත්සවයකට උදව් කිරීමට ස්වේච්ඡාවෙන් ඉදිරිපත් වෙති. අරමුදල් රැස්කිරීමේදී දරුවන් කී දෙනෙක් ස්වේච්ඡාවෙන් ඉදිරිපත් වෙනවාද?,Addition
පිරිමි ළමයින් 69 ක් සහ ගැහැණු ළමයින් 54 ක් ලිවීමේ තරඟයකට සහභාගී වූහ. තරඟයට ළමයින් කී දෙනෙක් සම්පූර්ණයෙන් සහභාගී වුණාද?,Addition
ලිපි ද්‍රව්‍ය ගබඩාවක රතු තීන්ත කෑන් 66 ක් සහ කහ තීන්ත කෑන් 84 ක් ඇත. තීන්ත කෑන් කීයක් තොගයේ තිබේද?,Addition
වාහන නැවැත්වීමේ ස්ථානයේ කාර් 3 ක් සහ ට්රක් රථ 4 ක් ඇත. ඔක්කොම වාහන කීයක් තියෙනවද?,Addition
කේට් ඇපල් 154 ක් මිලදී ගත් අතර එයින් 83 ක් කුණු වී ඇත ඇපල් කීයක් හොඳද?,Subtraction
"ටේලර් විසින් අතින් සාදන ලද භාණ්ඩ 66 ක් දේශීය ප්‍රදර්ශනයේ ප්‍රදර්ශනය කර තිබුණි. විකිණීමෙන් පසු ඉතිරිව ඇත්තේ කෑලි 14 ක් පමණක් නම්, ටේලර් විසින් අත්කම් භාණ්ඩ කීයක් විකුණුවාද?",Subtraction
පැසිපන්දු තරගයකදී ගෝඨා පිල ලකුණු 50 ක්ද රනිල් පිල ලකුණු 65 ක්ද ලබා ගත්හ. රනිල් පිල ගෝඨා පිල පරාජය කළේ ලකුණු කීයකින්ද?,Subtraction
රොන් පරීක්ෂණයෙන් ලකුණු 76 ක් ලබා ගන්නා අතර ඔහුගේ සහෝදරයා ලකුණු 65 ක් ලබා ගනී රොන් අයියාට වඩා ලකුණු කීයක් ගන්නවද?,Subtraction
ළමයින් 45 දෙනෙකුගෙන් යුත් කණ්ඩායමක් රචනා තරඟයකට සහභාගී විය. ඔවුන්ගෙන් 25 ක් ගැහැණු ළමයින් නම් පිරිමි ළමයින් කී දෙනෙක් සහභාගී වූවාද?,Subtraction
